datetime,symbol,direction,pnl,pnl_no_commission,price,size,commission,is_long
2015-01-30 15:00:00,511880.SH,sell,174.2644818000499,273.4470000000499,107.80708499999999,4600,99.18251819999999,False
2015-02-17 15:00:00,159915.SZ,sell,3466.18715000169,3472.4394914016902,1.82817,17100,6.252341400000001,False
2015-03-13 15:00:00,159915.SZ,sell,32038.325054717738,32078.05528471774,1.9380600000000001,102500,39.730230000000006,False
2015-03-13 15:00:00,511880.SH,sell,732.788553325746,767.4329142857459,108.263628,1600,34.64436096,False
2015-03-19 15:00:00,159915.SZ,sell,4477.077550778715,4482.077550778715,2.096901,9500,5.0,False
2015-03-25 15:00:00,159915.SZ,sell,5611.925641239455,5616.925641239455,2.270727,8700,5.0,False
2015-03-26 15:00:00,159915.SZ,sell,112489.81466690249,112567.71173186248,2.285712,170400,77.89706496000002,False
2015-03-26 15:00:00,513500.SH,sell,132.63435876009498,199.98570000009497,1.156842,291100,67.35134124,False
2015-03-26 15:00:00,511880.SH,sell,1971.3208328866003,2038.5700163866004,108.466425,3100,67.2491835,False
2015-03-31 15:00:00,513500.SH,sell,-1647.3048899599999,-1531.3709,1.140858,508100,115.93398995999999,False
2015-05-05 15:00:00,511880.SH,sell,676.9905021238727,792.3524846638727,108.83205899999999,5300,115.36198254,False
2015-05-07 15:00:00,510410.SH,sell,-22038.366064399936,-21926.542399999937,0.97902,571100,111.82366440000001,False
2015-05-12 15:00:00,511880.SH,sell,463.8605563319417,577.2110923319417,108.9909,5200,113.35053599999999,False
2015-05-21 15:00:00,510410.SH,sell,-2374.1329523999234,-2260.5989999999233,1.010988,561500,113.5339524,False
2015-11-17 15:00:00,511880.SH,sell,6975.027668806065,7089.875346166064,110.430459,5200,114.84767736,False
2015-11-23 15:00:00,511880.SH,sell,3074.635069225577,3189.523266025577,110.46941999999999,5200,114.88819679999999,False
2015-11-25 15:00:00,159915.SZ,sell,8268.855025920038,8385.484200000039,2.6603369999999997,219200,116.62917407999998,False
2015-11-25 15:00:00,511880.SH,sell,3061.2538952553477,3171.7442942553475,110.49039899999998,5000,110.49039899999998,False
2015-12-03 15:00:00,511880.SH,sell,-983.2381979373114,-868.2741570573114,110.542347,5200,114.96404088000001,False
2016-01-05 15:00:00,159915.SZ,sell,-58677.872325519864,-58574.021799999864,2.303694,225400,103.85052552,False
2016-02-03 15:00:00,511880.SH,sell,723.2887757313287,832.0941214713287,111.02586299999999,4900,108.80534574,False
2016-02-26 15:00:00,518880.SH,sell,47965.568576640086,48085.06560000009,2.611386,228800,119.49702336,False
2016-04-21 15:00:00,518880.SH,sell,-5207.479723399916,-5093.716999999916,2.5914059999999997,219500,113.7627234,False
2016-04-21 15:00:00,511880.SH,sell,3223.3094819720263,3334.8548249720266,111.545343,5000,111.545343,False
2016-06-27 15:00:00,511880.SH,sell,906.2243629098307,1020.4346982498307,111.970917,5100,114.21033534,False
2016-07-19 15:00:00,518880.SH,sell,2099.1713359000587,2138.268100000059,2.8621350000000003,68300,39.09676410000001,False
2016-07-19 15:00:00,511880.SH,sell,617.8954108765993,656.0286994165992,112.156731,1700,38.13328854,False
2016-07-28 15:00:00,159915.SZ,sell,-20622.97528303999,-20550.17119999999,2.058939,176800,72.80408304,False
2016-08-02 15:00:00,518880.SH,sell,1798.2858567409314,1836.0518329609315,2.874123,65700,37.76597622,False
2016-08-02 15:00:00,511880.SH,sell,418.7775820833055,456.9458556033055,112.25962799999999,1700,38.16827352,False
2016-08-05 15:00:00,159915.SZ,sell,1966.5198144000674,2042.6580000000674,2.03796,186800,76.1381856,False
2016-08-05 15:00:00,518880.SH,sell,4055.671720313691,4130.099877653691,2.878119,129300,74.42815734,False
2016-08-05 15:00:00,511880.SH,sell,845.8181048532922,917.6757752532922,112.27761,3200,71.8576704,False
2016-08-30 15:00:00,518880.SH,sell,-18183.09233681454,-18073.228510614543,2.82717,194300,109.86382620000002,False
2017-02-23 15:00:00,511880.SH,sell,5248.419717321598,5362.089933321598,113.670216,5000,113.670216,False
2017-05-10 15:00:00,518880.SH,sell,-828.0852100799395,-715.4879999999395,2.738259,205600,112.59721008000002,False
2017-05-10 15:00:00,511880.SH,sell,8710.871503988767,8820.729535988767,114.43545,4800,109.85803200000001,False
2017-09-12 15:00:00,511880.SH,sell,5083.938148033212,5197.323349333212,115.699185,4900,113.3852013,False
2017-09-21 15:00:00,518880.SH,sell,-896.1750605999744,-858.3734999999743,2.759238,68500,37.8015606,False
2017-09-21 15:00:00,511880.SH,sell,1931.9133495082535,1971.2846987482535,115.798086,1700,39.37134924,False
2017-10-10 15:00:00,518880.SH,sell,-6317.134476239975,-6242.325599999975,2.7262709999999997,137200,74.80887623999999,False
2017-10-10 15:00:00,159915.SZ,sell,3327.706592000021,3402.224000000021,1.7982,207200,74.517408,False
2017-10-10 15:00:00,511880.SH,sell,4080.2313254091446,4152.137627129145,115.97790599999999,3100,71.90630171999999,False
2017-11-06 15:00:00,159915.SZ,sell,-30790.580248159946,-30683.095999999947,1.730268,310600,107.48424816,False
2017-11-06 15:00:00,511880.SH,sell,379.48013749706865,488.82146671706863,116.32056299999999,4700,109.34132922,False
2018-10-30 15:00:00,511880.SH,sell,15726.578711269356,15839.298778369355,119.914965,4700,112.7200671,False
2018-12-03 15:00:00,518880.SH,sell,-1446.5685992596073,-1409.1776276596072,2.729268,68500,37.3909716,False
2018-12-03 15:00:00,511880.SH,sell,5714.895075305337,5753.340111785337,120.14073900000001,1600,38.445036480000006,False
2018-12-20 15:00:00,512880.SH,sell,-28352.567785279985,-28282.702999999987,0.735264,475100,69.86478528,False
2018-12-20 15:00:00,518880.SH,sell,2298.198333765929,2373.743712765929,2.76723,136500,75.54537900000001,False
2018-12-20 15:00:00,511880.SH,sell,11069.00353699749,11141.15870959749,120.258621,3000,72.1551726,False
2019-02-27 15:00:00,518880.SH,sell,5496.648025270258,5535.850223830258,2.853144,68700,39.20219856000001,False
2019-02-27 15:00:00,511880.SH,sell,534.5070555999906,570.7425837999906,120.785094,1500,36.235528200000005,False
2019-03-07 15:00:00,512880.SH,sell,1099.8126000000052,1104.8126000000052,1.1008980000000002,17300,5.0,False
2019-03-08 15:00:00,518880.SH,sell,-380.45348357646515,-307.54110893646515,2.770227,131600,72.91237464000001,False
2019-03-12 15:00:00,512880.SH,sell,6112.547668480089,6185.423200000088,1.054944,345400,72.87553152000001,False
2019-03-14 15:00:00,159915.SZ,sell,6718.851063080096,6794.918000000096,1.6163820000000002,235300,76.06693692000002,False
2019-03-18 15:00:00,512880.SH,sell,4413.766331520132,4490.7408000001315,1.0279710000000002,374400,76.97446848000001,False
2019-03-18 15:00:00,513500.SH,sell,8740.804727200119,8813.45920000012,1.7532450000000002,207200,72.65447280000002,False
2019-03-18 15:00:00,511880.SH,sell,1611.3626197999802,1683.9421675999802,120.965913,3000,72.5795478,False
2019-03-29 15:00:00,159915.SZ,sell,-4319.547106399993,-4303.069999999993,1.554444,53000,16.4771064,False
2019-03-29 15:00:00,513500.SH,sell,-756.7634009796554,-737.1130709796554,1.74825,56200,19.650330000000004,False
2019-03-29 15:00:00,511880.SH,sell,-141.26814504086596,-121.90368888086596,121.027851,800,19.36445616,False
2019-04-02 15:00:00,159915.SZ,sell,567.3872000000006,572.3872000000006,1.6923059999999999,10100,5.0,False
2019-04-30 15:00:00,512880.SH,sell,-20738.81087999993,-20686.54319999993,0.999,261600,52.26768,False
2019-04-30 15:00:00,159915.SZ,sell,-14079.155190819984,-14029.915299999984,1.547451,159100,49.23989082,False
2019-04-30 15:00:00,513500.SH,sell,13509.983916218227,13565.925578558226,1.8511469999999999,151100,55.94166233999999,False
2019-04-30 15:00:00,511880.SH,sell,81.74773529761625,135.09405557761625,121.241637,2200,53.34632028,False
2019-05-07 15:00:00,159915.SZ,sell,-32594.976193439998,-32526.777899999997,1.4225759999999998,239700,68.19829344,False
2019-05-07 15:00:00,513500.SH,sell,-5615.5289078645,-5543.7210875645,1.8271709999999999,196500,71.8078203,False
2019-05-07 15:00:00,511880.SH,sell,-661.739298219699,-591.372215739699,121.322556,2900,70.36708248000001,False
2019-06-05 15:00:00,513500.SH,sell,-26232.812112373806,-26130.167220013805,1.7612370000000002,291400,102.64489236000001,False
2019-06-13 15:00:00,511880.SH,sell,-549.4569918650726,-444.91082268507256,121.565313,4300,104.54616918,False
2019-07-08 15:00:00,518880.SH,sell,8716.582662500046,8755.106600000046,3.121875,61700,38.5239375,False
2019-07-08 15:00:00,511880.SH,sell,75.60131686438477,109.69051354438477,121.747131,1400,34.08919668,False
2019-07-29 15:00:00,518880.SH,sell,4282.49056380002,4300.33650000002,3.130866,28500,17.845936200000004,False
2019-07-29 15:00:00,513500.SH,sell,1135.8516968400056,1154.3700000000056,1.937061,47800,18.51830316,False
2019-07-29 15:00:00,511880.SH,sell,118.20407453219309,135.2647567721931,121.862016,700,17.060682240000002,False
2019-07-31 15:00:00,518880.SH,sell,2910.5732859200116,2921.4683000000114,3.148848,17300,10.895014080000001,False
2019-07-31 15:00:00,513500.SH,sell,945.016514400008,955.9200000000079,1.947051,28000,10.9034856,False
2019-07-31 15:00:00,512880.SH,sell,436.7467730768671,447.9875210768671,0.96903,58000,11.240748,False
2019-07-31 15:00:00,511880.SH,sell,87.92728250871359,100.11418340871359,121.869009,500,12.186900900000001,False
2019-08-06 15:00:00,512880.SH,sell,-13097.03320763686,-13056.52032107686,0.903096,224300,40.512886560000005,False
2019-08-06 15:00:00,518880.SH,sell,20135.07261480004,20178.44400000004,3.285711,66000,43.371385200000006,False
2019-08-06 15:00:00,513500.SH,sell,509.16485760002143,549.9816000000214,1.91808,106400,40.8167424,False
2019-08-06 15:00:00,159915.SZ,sell,-5796.492770339992,-5756.143499999992,1.4715269999999998,137100,40.34927034,False
2019-08-06 15:00:00,511880.SH,sell,354.878998747875,393.89178690787503,121.914963,1600,39.01278816000001,False
2019-08-09 15:00:00,513500.SH,sell,2807.538092499981,2861.776299999981,1.903095,142500,54.2382075,False
2019-08-09 15:00:00,518880.SH,sell,7375.684119320027,7428.5205500000275,3.3826140000000002,78100,52.83643068000001,False
2019-08-09 15:00:00,159915.SZ,sell,2051.627563308172,2103.630788028172,1.466532,177300,52.00322472,False
2019-08-09 15:00:00,511880.SH,sell,-461.5290271792441,-412.7542507792441,121.936941,2000,48.77477640000001,False
2019-08-20 15:00:00,159915.SZ,sell,1465.562313868436,1470.562313868436,1.566432,12800,5.0,False
2019-09-19 15:00:00,518880.SH,sell,-0.3934274740879786,15.739603345912023,3.403593,23700,16.133030820000002,False
2019-09-19 15:00:00,159915.SZ,sell,10219.72526068572,10239.91754818572,1.615383,62500,20.192287500000003,False
2019-09-19 15:00:00,511880.SH,sell,-10.294909583719765,9.259276656280235,122.213664,800,19.55418624,False
2019-10-09 15:00:00,513500.SH,sell,-4866.947753559967,-4811.516799999968,1.9490489999999998,142200,55.43095356,False
2019-10-09 15:00:00,159915.SZ,sell,17101.551621560975,17153.376784520977,1.5544440000000002,166700,51.82516296000001,False
2019-10-09 15:00:00,518880.SH,sell,-1346.099334256679,-1292.455431856679,3.38661,79200,53.6439024,False
2019-10-09 15:00:00,511880.SH,sell,270.81808198276366,322.2074012227637,122.35552200000001,2100,51.389319240000006,False
2019-10-17 15:00:00,518880.SH,sell,-10318.004597489124,-10246.252421489124,3.34665,107200,71.752176,False
2019-11-12 15:00:00,159915.SZ,sell,12783.422312996692,12894.658565396692,1.6083899999999998,345800,111.23625239999998,False
2019-11-18 15:00:00,511880.SH,sell,-669.5755652089359,-559.2559952089359,122.57730000000001,4500,110.31957000000003,False
2019-11-29 15:00:00,515000.SH,sell,-15249.618938399935,-15141.865199999935,1.18881,453200,107.75373839999999,False
2019-12-16 15:00:00,511880.SH,sell,-411.6485264044153,-303.6354476044153,122.742135,4400,108.0130788,False
2019-12-19 15:00:00,515000.SH,sell,111.32152497996181,147.8742156999618,1.272726,143600,36.55269072,False
2019-12-19 15:00:00,511880.SH,sell,-102.8797174105995,-66.0495844105995,122.76711,1500,36.830133000000004,False
2020-01-09 15:00:00,159915.SZ,sell,3571.8158828800115,3591.7588000000114,1.790208,55700,19.94291712,False
2020-01-09 15:00:00,515000.SH,sell,1471.2617485100307,1489.5923195900307,1.2927060000000001,70900,18.330571080000002,False
2020-01-09 15:00:00,511880.SH,sell,84.13073166838772,101.34456060838772,122.955921,700,17.213828940000003,False
2020-01-10 15:00:00,159915.SZ,sell,3620.867910280008,3632.8462000000077,1.837161,32600,11.978289720000001,False
2020-01-10 15:00:00,515000.SH,sell,2574.544595291203,2586.6089188912033,1.3286699999999998,45400,12.064323599999998,False
2020-01-10 15:00:00,511880.SH,sell,50.07230421050482,59.90917749050482,122.960916,400,9.83687328,False
2020-01-14 15:00:00,511880.SH,sell,275.6648990272815,319.94089870728146,122.988888,1800,44.275999680000005,False
2020-01-23 15:00:00,515000.SH,sell,1576.0821767062653,1581.0821767062653,1.455543,8600,5.0,False
2020-02-03 15:00:00,515050.SH,sell,7604.903746440076,7651.343700000076,1.1168820000000002,207900,46.439953560000006,False
2020-02-03 15:00:00,512880.SH,sell,-9510.111260999995,-9466.915499999994,0.9930059999999999,217500,43.195761,False
2020-02-04 15:00:00,512710.SH,sell,-30155.941683199988,-30116.863999999987,0.954045,204800,39.0776832,False
2020-02-04 15:00:00,159915.SZ,sell,-2422.224153999987,-2380.419999999987,1.706292,122500,41.804154,False
2020-02-05 15:00:00,515000.SH,sell,13936.8635067125,13980.5573691125,1.35864,160800,43.6938624,False
2020-02-07 15:00:00,511880.SH,sell,-622.1525491999412,-553.1707999999412,123.181695,2800,68.9817492,False
2020-02-07 15:00:00,513500.SH,sell,4074.2220189756445,4104.232378575644,2.17782,68900,30.010359600000005,False
2020-02-07 15:00:00,518880.SH,sell,-2775.1003037669425,-2748.6844260869425,3.448548,38300,26.41587768,False
2020-02-17 15:00:00,513500.SH,sell,12654.26054158433,12698.99592142433,2.2457520000000004,99600,44.73537984000001,False
2020-02-19 15:00:00,515050.SH,sell,1380.9826031777573,1385.9826031777573,1.20879,10700,5.0,False
2020-02-20 15:00:00,511880.SH,sell,-427.24354643998583,-382.8743999999858,123.247629,1800,44.36914644,False
2020-02-25 15:00:00,515050.SH,sell,4619.21625769613,4624.21625769613,1.389609,14900,5.0,False
2020-02-26 15:00:00,515050.SH,sell,59427.180291166136,59477.022439126136,1.417581,175800,49.842147960000005,False
2020-02-27 15:00:00,159915.SZ,sell,17786.13808684002,17833.21780000002,2.099898,112100,47.079713160000004,False
2020-02-27 15:00:00,515000.SH,sell,21186.262077820047,21234.012100000047,1.559439,153100,47.75002218,False
2020-03-02 15:00:00,512710.SH,sell,-17483.396802959996,-17427.0162,1.085913,259600,56.380602960000004,False
2020-03-03 15:00:00,513500.SH,sell,-20267.379585919993,-20208.84409999999,2.066931,141600,58.53548592,False
2020-03-03 15:00:00,511880.SH,sell,-45.92874999999765,-40.92874999999765,123.344532,200,5.0,False
2020-03-05 15:00:00,511880.SH,sell,-1165.3439444399517,-1049.3944499999516,123.350526,4700,115.94949444,False
2020-03-05 15:00:00,518880.SH,sell,6064.933929842541,6136.524347762541,3.608388,99200,71.59041792000001,False
2020-03-10 15:00:00,515050.SH,sell,-14560.793475000004,-14516.812500000004,1.172826,187500,43.980975,False
2020-03-10 15:00:00,159915.SZ,sell,-12423.99619295997,-12379.593599999971,2.010987,110400,44.40259296000001,False
2020-03-10 15:00:00,515000.SH,sell,-15212.492778019992,-15168.634699999991,1.4455529999999999,151700,43.85807802,False
2020-03-13 15:00:00,511880.SH,sell,-710.0792856000394,-636.0390000000393,123.400476,3000,74.0402856,False
2020-03-13 15:00:00,512170.SH,sell,-8748.728674924205,-8721.661049644204,1.490508,90800,27.06762528,False
2020-03-13 15:00:00,518880.SH,sell,1331.3922053683084,1362.1016252083084,3.6043920000000003,42600,30.709419840000002,False
2020-03-17 15:00:00,512170.SH,sell,-28026.45229197578,-27985.05535035578,1.397601,148100,41.39694162000001,False
2020-03-17 15:00:00,515050.SH,sell,-19125.0703596,-19085.07,1.092906,183000,40.000359599999996,False
2020-03-17 15:00:00,159915.SZ,sell,-13917.218766559989,-13876.186399999988,1.830168,112100,41.03236656,False
2020-03-17 15:00:00,515000.SH,sell,-15075.12562951998,-15034.31599999998,1.3406580000000001,152200,40.80962952000001,False
2020-03-17 15:00:00,518880.SH,sell,-9702.079868555113,-9661.357471715113,3.4105860000000003,59700,40.72239684,False
2020-03-18 15:00:00,518880.SH,sell,-486.00917516872175,-481.00917516872175,3.251745,1500,5.0,False
2020-03-20 15:00:00,511880.SH,sell,-1734.5122568399233,-1571.5721999999232,123.439437,6600,162.94005684,False
2020-03-23 15:00:00,515050.SH,sell,-50.230899999997206,-45.230899999997206,1.0799189999999999,14300,5.0,False
2020-03-23 15:00:00,159915.SZ,sell,150.7880000000029,155.7880000000029,1.845153,8500,5.0,False
2020-03-23 15:00:00,515000.SH,sell,44.5305000000007,49.5305000000007,1.34865,11500,5.0,False
2020-03-27 15:00:00,511880.SH,sell,-1023.6957060095992,-924.9249756095992,123.46341300000002,4000,98.77073040000002,False
2020-03-31 15:00:00,512170.SH,sell,12635.611008780157,12740.994300000157,1.4275710000000001,369100,105.38329122000002,False
2020-03-31 15:00:00,511880.SH,sell,-1065.0919925003802,-968.7796212803803,123.47739900000002,3900,96.31237122000002,False
2020-04-28 15:00:00,511880.SH,sell,-582.0690039348198,-480.7028515548197,123.61725900000002,4100,101.36615238000003,False
2020-04-29 15:00:00,159928.SZ,sell,380.7785000000033,385.7785000000033,3.359637,7100,5.0,False
2020-04-29 15:00:00,511880.SH,sell,-16.324859794021336,-11.324859794021336,123.621255,100,5.0,False
2020-05-12 15:00:00,511880.SH,sell,-650.2990851256731,-546.4186295656731,123.66720900000001,4200,103.88045556000002,False
2020-05-21 15:00:00,159928.SZ,sell,1571.7247586772396,1607.0392488372397,3.3826140000000002,52200,35.314490160000005,False
2020-05-21 15:00:00,511880.SH,sell,-149.34543975793633,-117.18157581793633,123.70716900000002,1300,32.163863940000006,False
2020-05-26 15:00:00,159928.SZ,sell,29.069383224101067,46.10588966410107,3.3536430000000004,25400,17.036506440000004,False
2020-05-26 15:00:00,518880.SH,sell,-483.49805615998787,-466.2314999999879,3.854142,22400,17.26655616,False
2020-05-26 15:00:00,511880.SH,sell,-75.12504264489769,-55.32853896489769,123.728148,800,19.79650368,False
2020-05-28 15:00:00,159928.SZ,sell,-505.62440685757554,-488.65894929757553,3.339657,25400,16.965457559999997,False
2020-05-28 15:00:00,518880.SH,sell,-1011.7138556758258,-994.7801063758258,3.831165,22100,16.9337493,False
2020-05-28 15:00:00,511880.SH,sell,-95.34007911873181,-78.0175789587318,123.732144,700,17.322500160000004,False
2020-06-02 15:00:00,511880.SH,sell,-234.10984981082518,-187.08670003082517,123.74513100000001,1900,47.02314978000001,False
2020-06-03 15:00:00,512170.SH,sell,1710.7139376533385,1722.0294308333384,1.7092889999999998,33100,11.315493179999999,False
2020-06-03 15:00:00,159928.SZ,sell,1392.6548455229733,1403.8184307629733,3.4455510000000005,16200,11.163585240000002,False
2020-06-03 15:00:00,518880.SH,sell,94.47904096430418,104.73309664430417,3.884112,13200,10.25405568,False
2020-06-04 15:00:00,511880.SH,sell,-382.1169426962372,-344.98890789623715,123.760116,1500,37.1280348,False
2020-06-05 15:00:00,511880.SH,sell,-27.499760526415002,-22.499760526415002,123.765111,100,5.0,False
2020-06-08 15:00:00,159928.SZ,sell,5487.654506633384,5529.738980033384,3.449547,61000,42.0844734,False
2020-06-08 15:00:00,159915.SZ,sell,840.5331520800063,877.7280000000063,2.084913,89200,37.194847919999994,False
2020-06-10 15:00:00,511880.SH,sell,-459.5924292399844,-417.50379999998444,123.790086,1700,42.08862924,False
2020-06-12 15:00:00,518880.SH,sell,-1395.9370791684305,-1354.2676902684304,3.851145,54100,41.6693889,False
2020-06-16 15:00:00,512170.SH,sell,1295.59204916667,1300.59204916667,1.8261720000000001,7700,5.0,False
2020-06-17 15:00:00,159995.SZ,sell,-3140.9781334000004,-3099.9526000000005,1.06893,191900,41.0255334,False
2020-07-01 15:00:00,513500.SH,sell,-2835.708691419987,-2794.1616999999874,2.010987,103300,41.546991420000005,False
2020-07-01 15:00:00,159915.SZ,sell,1459.1536000000026,1464.1536000000026,2.356641,5200,5.0,False
2020-07-02 15:00:00,512170.SH,sell,37480.83325440004,37526.521920000036,1.983015,115200,45.68866560000001,False
2020-07-03 15:00:00,515050.SH,sell,899.7378161199894,944.4291999999894,1.2857129999999999,173800,44.69138388,False
2020-07-07 15:00:00,159995.SZ,sell,29704.04613396009,29754.48960000009,1.3516470000000003,186600,50.44346604000001,False
2020-07-07 15:00:00,512170.SH,sell,-19.106717494733548,24.46784432526645,1.9970009999999998,109100,43.57456182,False
2020-07-08 15:00:00,159928.SZ,sell,84.37039999999908,89.37039999999908,4.113881999999999,1400,5.0,False
2020-07-10 15:00:00,159995.SZ,sell,17860.381302960042,17912.99160000004,1.456542,180600,52.61029704,False
2020-07-15 15:00:00,515000.SH,sell,51346.73012621999,51400.32269999999,1.899099,141100,53.59257378,False
2020-07-16 15:00:00,512690.SH,sell,18861.642917759997,18916.265999999996,1.8541439999999998,147300,54.623082239999995,False
2020-07-17 15:00:00,515030.SH,sell,26816.80569671995,26866.77239999995,1.0649339999999998,234600,49.96670328,False
2020-07-17 15:00:00,512170.SH,sell,5462.437623954768,5512.535755674769,2.090907,119800,50.098131720000005,False
2020-07-17 15:00:00,159992.SZ,sell,-18140.627576759987,-18091.41359999999,1.371627,179400,49.21397676,False
2020-07-17 15:00:00,159915.SZ,sell,46306.288469400046,46355.608500000046,2.555442,96500,49.32003060000001,False
2020-07-17 15:00:00,515000.SH,sell,-16454.33383175999,-16404.77519999999,1.746252,141900,49.55863176,False
2020-07-22 15:00:00,513500.SH,sell,4183.994777040055,4267.528200000055,2.129868,196100,83.53342296000001,False
2020-07-22 15:00:00,511880.SH,sell,-986.86426541992,-905.03159999992,123.98888700000002,3300,81.83266542000001,False
2020-07-22 15:00:00,518880.SH,sell,4058.021443160092,4141.541000000092,3.9470490000000003,105800,83.51955684000002,False
2020-07-27 15:00:00,515030.SH,sell,-17433.11080251995,-17386.67979999995,1.0299690000000001,225400,46.43100252000001,False
2020-07-27 15:00:00,512170.SH,sell,-10858.196985239969,-10810.469999999968,2.126871,112200,47.72698524,False
2020-07-27 15:00:00,159992.SZ,sell,-9309.998820499926,-9261.967399999927,1.423575,168700,48.0314205,False
2020-07-27 15:00:00,512880.SH,sell,-15108.710474599928,-15061.831999999928,1.1898090000000001,197000,46.878474600000004,False
2020-07-27 15:00:00,159915.SZ,sell,-13645.136011799937,-13597.994999999937,2.534463,93000,47.1410118,False
2020-07-30 15:00:00,513500.SH,sell,262.97855375997204,310.24499999997204,2.1138839999999997,111800,47.26644623999999,False
2020-07-30 15:00:00,512710.SH,sell,8310.959019120004,8359.849200000004,1.465533,166800,48.89018088,False
2020-07-30 15:00:00,511880.SH,sell,-551.0941955399851,-503.97689999998505,123.992883,1900,47.11729554000001,False
2020-07-30 15:00:00,518880.SH,sell,-350.5890286800123,-303.4449000000123,4.201794,56100,47.144128679999994,False
2020-07-30 15:00:00,515220.SH,sell,4742.609146100027,4790.807000000027,1.097901,219500,48.1978539,False
2020-08-05 15:00:00,159915.SZ,sell,7197.658989240006,7246.839000000006,2.735262,89900,49.18001076,False
2020-08-06 15:00:00,159992.SZ,sell,13543.779586900042,13594.216000000042,1.6113870000000001,156500,50.43641310000001,False
2020-08-07 15:00:00,512690.SH,sell,-5517.264482399933,-5472.191999999933,1.7072910000000001,132000,45.072482400000005,False
2020-08-10 15:00:00,512710.SH,sell,15083.486978640058,15135.453600000057,1.661337,156400,51.966621360000005,False
2020-08-14 15:00:00,159915.SZ,sell,-20755.68779830001,-20708.53330000001,2.5324649999999997,93100,47.1544983,False
2020-08-17 15:00:00,511880.SH,sell,-30.541499999999928,-25.541499999999928,124.079796,100,5.0,False
2020-08-18 15:00:00,512170.SH,sell,-8303.050936359974,-8254.395999999973,2.135862,113900,48.65493636,False
2020-08-18 15:00:00,512690.SH,sell,14202.986425119998,14252.481999999998,1.770228,139800,49.49557488,False
2020-08-19 15:00:00,159915.SZ,sell,1899.6607655999949,1948.3775999999948,2.602395,93600,48.7168344,False
2020-08-20 15:00:00,161226.SZ,sell,-13361.389217999951,-13314.653999999951,1.12887,207000,46.735218,False
2020-08-20 15:00:00,159992.SZ,sell,-9760.542912599994,-9713.102999999994,1.4135849999999999,167800,47.43991259999999,False
2020-08-25 15:00:00,512170.SH,sell,5641.553906100082,5690.311200000082,2.1328650000000002,114300,48.75729390000001,False
2020-08-26 15:00:00,512690.SH,sell,707.2436000000005,712.2436000000005,1.8921059999999998,7100,5.0,False
2020-08-28 15:00:00,159915.SZ,sell,8870.636438000027,8920.025000000027,2.5993980000000003,95000,49.38856200000001,False
2020-08-31 15:00:00,512170.SH,sell,303.38549999999805,308.38549999999805,2.24775,6100,5.0,False
2020-09-08 15:00:00,159992.SZ,sell,-9459.470217019938,-9411.754999999937,1.365633,174700,47.715217020000004,False
2020-09-08 15:00:00,512880.SH,sell,-4019.2896729600125,-3972.3696000000123,1.2067919999999999,194400,46.92007296,False
2020-09-15 15:00:00,512690.SH,sell,4236.715433292858,4250.878236312858,1.919079,36900,14.162803020000002,False
2020-09-15 15:00:00,159928.SZ,sell,1423.2097869133452,1435.011553333345,4.504491000000001,13100,11.801766420000002,False
2020-09-15 15:00:00,512710.SH,sell,-3467.2573163210827,-3457.4743890410828,1.405593,34800,9.782927280000001,False
2020-09-15 15:00:00,511880.SH,sell,-115.27306299999324,-102.84849999999324,124.24563,500,12.424563000000001,False
2020-09-17 15:00:00,512710.SH,sell,-16728.501211598843,-16680.789610958844,1.406592,169600,47.71160064,False
2020-09-18 15:00:00,159941.SZ,sell,-10875.05531083998,-10829.25199999998,2.608389,87800,45.80331084,False
2020-09-23 15:00:00,512690.SH,sell,-45.701745366210076,-26.844701286210082,1.8201779999999999,51800,18.857044079999998,False
2020-09-23 15:00:00,159928.SZ,sell,-944.4151572758047,-924.9645473558047,4.341654,22400,19.45060992,False
2020-09-23 15:00:00,511880.SH,sell,-160.78328779869693,-140.89615483869693,124.29458100000001,800,19.887132960000002,False
2020-09-24 15:00:00,159928.SZ,sell,-1544.0668641775765,-1485.9832059775765,4.360634999999999,66600,58.083658199999995,False
2020-09-25 15:00:00,159941.SZ,sell,-11468.92688136004,-11412.62460000004,2.441556,115300,56.30228136,False
2020-09-25 15:00:00,512690.SH,sell,-6231.8838748256385,-6175.070644925639,1.783215,159300,56.8132299,False
2020-09-25 15:00:00,511880.SH,sell,-522.759300310604,-463.095983350604,124.29857700000002,2400,59.66331696000002,False
2020-09-30 15:00:00,512690.SH,sell,3957.4207089789766,4072.4846098989765,1.817181,316600,115.06390092000001,False
2020-10-15 15:00:00,159941.SZ,sell,7669.9680814651265,7711.227181065126,2.70729,76200,41.2590996,False
2020-10-15 15:00:00,511880.SH,sell,-226.77737525660498,-191.94160589660498,124.41346200000001,1400,34.83576936,False
2020-10-20 15:00:00,159941.SZ,sell,8281.003361834995,8357.469718934995,2.664333,143500,76.4663571,False
2020-10-20 15:00:00,512690.SH,sell,-9147.01225139542,-9073.207829695419,1.907091,193500,73.8044217,False
2020-10-20 15:00:00,511880.SH,sell,-375.08469620701044,-300.41444120701044,124.45042500000001,3000,74.67025500000001,False
2020-11-02 15:00:00,512690.SH,sell,4271.693242502913,4311.911843642913,2.016981,99700,40.21860114,False
2020-11-02 15:00:00,511880.SH,sell,-320.6569202174241,-283.3032113174241,124.51236300000001,1500,37.35370890000001,False
2020-11-13 15:00:00,512690.SH,sell,3086.119515346761,3091.119515346761,2.254743,11000,5.0,False
2020-11-16 15:00:00,512690.SH,sell,31618.364236905767,31696.152570705766,2.148849,181000,77.78833379999999,False
2020-11-16 15:00:00,515030.SH,sell,24353.699651400046,24431.673000000046,1.377621,283000,77.97334860000001,False
2020-11-16 15:00:00,511880.SH,sell,-320.6989762348924,-245.92742263489242,124.619256,3000,74.7715536,False
2020-11-19 15:00:00,515030.SH,sell,-7990.25419567366,-7953.072994093661,1.315683,141300,37.18120158,False
2020-11-19 15:00:00,511880.SH,sell,-433.9074568905565,-391.53690985055647,124.619256,1700,42.37054704,False
2020-11-24 15:00:00,511880.SH,sell,-711.7838307715172,-637.0014879715171,124.63723800000001,3000,74.78234280000001,False
2020-11-26 15:00:00,512690.SH,sell,-1163.1538455598654,-1084.2383999998654,2.184813,180600,78.91544556000001,False
2020-11-26 15:00:00,515030.SH,sell,680.2681417343912,758.8141570943911,1.3746239999999998,285700,78.54601536,False
2020-11-26 15:00:00,511880.SH,sell,-748.0528842879586,-675.7493801679586,124.661214,2900,72.30350412,False
2020-11-30 15:00:00,515030.SH,sell,-1412.031510122571,-1372.280920502571,1.345653,147700,39.75058962000001,False
2020-11-30 15:00:00,511880.SH,sell,-445.66365431900925,-403.27442597900927,124.67420100000001,1700,42.38922834,False
2020-12-01 15:00:00,515030.SH,sell,-1072.639608947339,-1052.878310027339,1.3406580000000001,73700,19.76129892,False
2020-12-01 15:00:00,511880.SH,sell,-196.14038990071327,-176.1898004607133,124.691184,800,19.95058944,False
2020-12-04 15:00:00,515220.SH,sell,-3880.7771536999576,-3821.6899999999578,1.281717,230500,59.0871537,False
2020-12-04 15:00:00,515030.SH,sell,-979.435119428882,-921.492320228882,1.3506479999999998,214500,57.9427992,False
2020-12-04 15:00:00,512690.SH,sell,4707.769394300054,4766.405000000054,2.1928050000000003,133700,58.63560570000002,False
2020-12-04 15:00:00,511880.SH,sell,-495.438863426953,-440.565951266953,124.71116400000001,2200,54.87291216000001,False
2020-12-08 15:00:00,515030.SH,sell,858.3352576257236,878.9680441857236,1.386612,74400,20.63278656,False
2020-12-08 15:00:00,512690.SH,sell,15.679978719143008,35.54359521914301,2.272725,43700,19.8636165,False
2020-12-08 15:00:00,511880.SH,sell,-213.03361722438922,-193.07455626438923,124.74413100000001,800,19.959060960000002,False
2020-12-09 15:00:00,515030.SH,sell,2414.4283311083864,2427.5619843083864,1.4275710000000001,46000,13.133653200000001,False
2020-12-09 15:00:00,512690.SH,sell,1608.7825046142,1621.6477864542,2.330667,27600,12.865281840000002,False
2020-12-09 15:00:00,511880.SH,sell,-131.64781046523942,-119.17309766523942,124.74712800000002,500,12.474712800000002,False
2020-12-10 15:00:00,511880.SH,sell,-498.36395938789593,-450.95967112789594,124.74812700000003,1900,47.40428826000001,False
2020-12-15 15:00:00,515220.SH,sell,-9624.041430079953,-9577.198399999954,1.209789,193600,46.843030080000005,False
2020-12-17 15:00:00,511880.SH,sell,-460.3552668599864,-417.9245999999864,124.796079,1700,42.43066686,False
2020-12-18 15:00:00,511880.SH,sell,-32.38099999999832,-27.380999999998323,124.76810700000001,100,5.0,False
2020-12-18 15:00:00,512690.SH,sell,1402.5945920318752,1407.5945920318752,2.510487,5900,5.0,False
2020-12-21 15:00:00,512710.SH,sell,-3044.01716799995,-2996.03319999995,1.51848,158000,47.983968000000004,False
2020-12-22 15:00:00,511880.SH,sell,-53.56900000000053,-48.56900000000053,124.801074,200,5.0,False
2020-12-22 15:00:00,515030.SH,sell,2601.0067874155566,2606.0067874155566,1.6033950000000001,11400,5.0,False
2020-12-23 15:00:00,515220.SH,sell,1399.0006082800144,1446.8410000000144,1.249749,191400,47.84039172000001,False
2020-12-25 15:00:00,512710.SH,sell,619.9262631578956,624.9262631578956,1.667331,8500,5.0,False
2020-12-28 15:00:00,511880.SH,sell,-503.13290639996274,-453.1892999999627,124.85901600000001,2000,49.94360640000001,False
2020-12-30 15:00:00,515030.SH,sell,27879.059525448538,27928.363771848537,1.550448,159000,49.304246400000004,False
2020-12-30 15:00:00,515220.SH,sell,-11265.691248039953,-11216.128899999952,1.2927060000000001,191700,49.56234804000001,False
2020-12-30 15:00:00,512690.SH,sell,28936.04830234982,28985.23886254982,2.5754219999999997,95500,49.1905602,False
2020-12-30 15:00:00,159928.SZ,sell,7778.280879600004,7827.111600000004,5.054939999999999,48300,48.83072039999999,False
2020-12-30 15:00:00,512710.SH,sell,13209.44704716843,13258.797447368432,1.6843139999999999,146500,49.3504002,False
2021-01-05 15:00:00,511880.SH,sell,-535.1259689999755,-472.6574999999755,124.936938,2500,62.468469,False
2021-01-05 15:00:00,512690.SH,sell,4076.27016808896,4089.75267208896,2.7972,24100,13.482504000000002,False
2021-01-05 15:00:00,159928.SZ,sell,3995.649929986342,4009.1722341463424,5.452542,12400,13.522304160000001,False
2021-01-05 15:00:00,512710.SH,sell,9785.878830246975,9803.333358246975,1.9480500000000003,44800,17.454528000000003,False
2021-01-12 15:00:00,512690.SH,sell,13605.882946876169,13658.905091656168,2.770227,95700,53.02214478000001,False
2021-01-12 15:00:00,515220.SH,sell,-12720.521101839964,-12668.315199999965,1.247751,209200,52.20590184,False
2021-01-15 15:00:00,512710.SH,sell,18635.977073726717,18687.268231226717,1.865133,137500,51.2911575,False
2021-01-15 15:00:00,159995.SZ,sell,3744.527427760034,3798.8608000000336,1.377621,197200,54.33337224,False
2021-01-20 15:00:00,512170.SH,sell,-2455.9677193600073,-2404.8982000000074,2.4295679999999997,105100,51.069519359999994,False
2021-01-25 15:00:00,515030.SH,sell,312.76000000000306,317.76000000000306,1.837161,7500,5.0,False
2021-01-25 15:00:00,159915.SZ,sell,740.8101000000016,745.8101000000016,3.237759,4700,5.0,False
2021-01-26 15:00:00,159928.SZ,sell,19009.155641713627,19063.33726585363,5.5174769999999995,49100,54.18162414,False
2021-01-27 15:00:00,512170.SH,sell,-1277.4066530199948,-1271.8851999999947,2.680317,10300,5.52145302,False
2021-01-27 15:00:00,512710.SH,sell,-12801.712179299953,-12751.341899999954,1.813185,138900,50.3702793,False
2021-01-29 15:00:00,515030.SH,sell,-10709.737032999923,-10659.819999999923,1.7212770000000002,145000,49.91703300000001,False
2021-01-29 15:00:00,159995.SZ,sell,-12252.992651899993,-12204.892699999993,1.2937049999999999,185900,48.0999519,False
2021-02-01 15:00:00,511880.SH,sell,-49.08711107999719,-44.08319999999719,125.09777700000001,200,5.003911080000001,False
2021-02-03 15:00:00,159992.SZ,sell,9322.907323680027,9375.758100000026,1.470528,179700,52.85077632000001,False
2021-02-03 15:00:00,159928.SZ,sell,739.5543447999628,790.2483999999628,5.474519999999999,46300,50.694055199999994,False
2021-02-04 15:00:00,512710.SH,sell,-6559.077607199959,-6509.434499999959,1.694304,146500,49.6431072,False
2021-02-05 15:00:00,512690.SH,sell,792.8832000000001,797.8832000000001,2.803194,5300,5.0,False
2021-02-10 15:00:00,159928.SZ,sell,13729.704824400054,13784.474400000054,5.81418,47100,54.76957560000001,False
2021-02-19 15:00:00,512170.SH,sell,4606.222674000027,4659.143700000027,2.6973000000000003,98100,52.921026000000005,False
2021-02-19 15:00:00,512690.SH,sell,25991.506098820006,26045.470900000008,2.936061,91900,53.96480118,False
2021-02-19 15:00:00,159992.SZ,sell,-12127.168174399903,-12074.794999999904,1.522476,172000,52.3731744,False
2021-02-23 15:00:00,159915.SZ,sell,-4173.745213279985,-4123.888399999985,3.028968,82300,49.85681328,False
2021-02-23 15:00:00,159928.SZ,sell,-13209.287635319979,-13159.29299999998,5.668326,44100,49.99463532,False
2021-02-23 15:00:00,515030.SH,sell,-12016.28375322031,-11969.29079322031,1.67832,140000,46.992960000000004,False
2021-02-23 15:00:00,515000.SH,sell,-7994.6960310568265,-7946.180275376826,1.8321660000000002,132400,48.515755680000005,False
2021-02-23 15:00:00,511880.SH,sell,-545.6246471999372,-495.5219999999372,125.25661800000002,2000,50.10264720000001,False
2021-02-25 15:00:00,515030.SH,sell,-18338.167025739625,-18256.427806779626,1.5804179999999999,258600,81.73921896,False
2021-02-25 15:00:00,515000.SH,sell,-10035.195693190848,-9954.051818290847,1.799199,225500,81.1438749,False
2021-02-25 15:00:00,511880.SH,sell,-880.1571801599656,-799.9775999999656,125.28059400000002,3200,80.17958016000001,False
2021-03-01 15:00:00,515000.SH,sell,-6749.234447352192,-6667.177606332191,1.769229,231900,82.05684102,False
2021-03-02 15:00:00,159915.SZ,sell,358.9717713600212,380.4816000000212,2.891106,37200,21.509828640000002,False
2021-03-02 15:00:00,511880.SH,sell,-229.15376515634537,-206.59786363634538,125.31056400000001,900,22.555901520000003,False
2021-03-03 15:00:00,159915.SZ,sell,-551.7193747599905,-539.2665999999905,2.856141,21800,12.45277476,False
2021-03-03 15:00:00,159928.SZ,sell,-1532.802613439992,-1521.067799999992,5.146848,11400,11.734813440000002,False
2021-03-03 15:00:00,159992.SZ,sell,-1606.8630474799988,-1595.2021999999988,1.381617,42200,11.660847480000001,False
2021-03-03 15:00:00,511880.SH,sell,-119.81664580908287,-107.28409090908286,125.32554900000001,500,12.532554900000003,False
2021-03-05 15:00:00,512170.SH,sell,-11675.96337599998,-11628.88649999998,2.30769,102000,47.076876000000006,False
2021-03-05 15:00:00,159992.SZ,sell,-11512.95239760002,-11464.99800000002,1.354644,177000,47.9543976,False
2021-03-05 15:00:00,159915.SZ,sell,-11400.09242287997,-11353.042399999971,2.748249,85600,47.05002288,False
2021-03-05 15:00:00,159928.SZ,sell,-13740.344028500003,-13692.920000000004,4.9920029999999995,47500,47.4240285,False
2021-04-13 15:00:00,511880.SH,sell,-252.2826882272567,-134.2663227272567,125.549325,4700,118.0163655,False
2021-04-14 15:00:00,515220.SH,sell,-241.1017999999989,-236.1017999999989,1.36863,6600,5.0,False
2021-04-14 15:00:00,511880.SH,sell,-7.357230270791888,-2.357230270791888,125.55432,100,5.0,False
2021-04-27 15:00:00,511880.SH,sell,-505.8517006281275,-387.77429622812747,125.61426000000002,4700,118.07740440000003,False
2021-04-28 15:00:00,511880.SH,sell,-162.6163523364047,-122.41787105640469,125.620254,1600,40.19848128,False
2021-05-07 15:00:00,511880.SH,sell,-161.07843183073084,-85.67750823073084,125.66820600000001,3000,75.40092360000001,False
2021-05-10 15:00:00,515220.SH,sell,2159.047600000002,2164.047600000002,1.610388,13200,5.0,False
2021-05-11 15:00:00,511880.SH,sell,-698.4252202868961,-630.548205246896,125.69817600000002,2700,67.87701504,False
2021-05-12 15:00:00,515210.SH,sell,32476.460408520146,32562.303000000145,1.7072910000000001,251400,85.84259148000001,False
2021-05-12 15:00:00,515220.SH,sell,50786.35316460005,50872.03200000005,1.641357,261000,85.6788354,False
2021-05-19 15:00:00,511880.SH,sell,-1685.300677242009,-1514.294095002009,125.740134,6800,171.00658224,False
2021-05-20 15:00:00,511880.SH,sell,-191.878346630812,-171.75864647081198,125.74812600000001,800,20.119700160000004,False
2021-05-21 15:00:00,515210.SH,sell,-15244.460985599944,-15183.907199999945,1.53846,196800,60.553785600000005,False
2021-05-21 15:00:00,515220.SH,sell,-12920.419701439962,-12859.42219999996,1.470528,207400,60.99750144,False
2021-05-25 15:00:00,512690.SH,sell,1784.8316798400201,1798.7376000000202,2.8731240000000002,24200,13.90592016,False
2021-05-25 15:00:00,159992.SZ,sell,-516.7029029399895,-504.95759999998944,1.517481,38700,11.74530294,False
2021-05-25 15:00:00,518880.SH,sell,137.47249736000262,151.31600000000262,3.824172,18100,13.84350264,False
2021-05-25 15:00:00,511880.SH,sell,-127.12891661311426,-112.03578485311425,125.776098,600,15.093131760000002,False
2021-05-26 15:00:00,511880.SH,sell,-438.6315898281886,-390.84388536818864,125.75711700000001,1900,47.78770446000001,False
2021-05-26 15:00:00,518880.SH,sell,-546.7435715199904,-497.0847999999904,3.808188,65200,49.65877152,False
2021-05-27 15:00:00,515210.SH,sell,-1202.8289117399559,-1152.5309999999558,1.551447,162100,50.29791174,False
2021-06-01 15:00:00,515220.SH,sell,2595.162294800071,2646.206000000071,1.5374610000000002,166000,51.04370520000001,False
2021-06-08 15:00:00,512690.SH,sell,1504.6606000000047,1509.6606000000047,3.1068900000000004,4900,5.0,False
2021-06-09 15:00:00,512690.SH,sell,7512.8326837200275,7560.189000000028,2.8911059999999997,81900,47.356316279999994,False
2021-06-11 15:00:00,516160.SH,sell,10137.240555399943,10189.143999999944,1.0019969999999998,259000,51.90344459999999,False
2021-06-15 15:00:00,159992.SZ,sell,2074.2855996000353,2125.0344000000355,1.543455,164400,50.74880040000001,False
2021-06-17 15:00:00,515030.SH,sell,-11835.405657599977,-11786.711999999976,1.790208,136000,48.6936576,False
2021-06-17 15:00:00,512170.SH,sell,-13229.98205999997,-13182.08999999997,2.54745,94000,47.89206,False
2021-06-17 15:00:00,159915.SZ,sell,-7787.680888959996,-7740.976599999996,3.020976,77300,46.70428896,False
2021-06-17 15:00:00,516160.SH,sell,-16068.570693279953,-16020.591999999953,0.958041,250400,47.97869328,False
2021-06-18 15:00:00,512690.SH,sell,53.6848000000046,58.6848000000046,2.8931040000000006,4800,5.0,False
2021-06-21 15:00:00,515000.SH,sell,3140.183342380001,3189.5563000000006,1.8111869999999999,136300,49.37295762,False
2021-06-22 15:00:00,159992.SZ,sell,4402.615750720098,4452.236800000098,1.5054930000000002,164800,49.62104928000001,False
2021-06-22 15:00:00,515050.SH,sell,5981.77848150002,6031.710000000019,1.147851,217500,49.9315185,False
2021-06-24 15:00:00,515220.SH,sell,1208.4265335000377,1257.4110000000378,1.6833150000000001,145500,48.9844665,False
2021-06-24 15:00:00,512690.SH,sell,-8897.764956079967,-8853.844999999967,2.769228,79300,43.91995608,False
2021-06-25 15:00:00,512690.SH,sell,-539.1455999999978,-534.1455999999978,2.76723,4700,5.0,False
2021-06-29 15:00:00,515220.SH,sell,-5926.7363732999875,-5878.557899999987,1.653345,145700,48.1784733,False
2021-07-07 15:00:00,515030.SH,sell,1391.2096000000001,1396.2096000000001,2.13786,7200,5.0,False
2021-07-08 15:00:00,516160.SH,sell,1674.7148000000054,1679.7148000000054,1.1708280000000002,11600,5.0,False
2021-07-08 15:00:00,515790.SH,sell,3335.9393214000493,3381.1155000000495,1.3566420000000001,166500,45.17617860000001,False
2021-07-12 15:00:00,159915.SZ,sell,9974.097454080029,10024.78080000003,3.299697,76800,50.68334592000001,False
2021-07-13 15:00:00,515030.SH,sell,3140.1356000000023,3145.1356000000023,2.4595380000000002,6100,5.0,False
2021-07-14 15:00:00,515030.SH,sell,56969.55348528001,57024.46380000001,2.453544,111900,54.91031472,False
2021-07-14 15:00:00,159995.SZ,sell,14424.79959984007,14477.08710000007,1.566432,166900,52.28750016000001,False
2021-07-14 15:00:00,515050.SH,sell,-5673.705625519983,-5626.897999999983,1.180818,198200,46.807625519999995,False
2021-07-19 15:00:00,512710.SH,sell,10480.453938960061,10536.49680000006,1.7222760000000001,162700,56.042861040000005,False
2021-07-26 15:00:00,159915.SZ,sell,-1910.254864699984,-1856.773099999984,3.363633,79500,53.4817647,False
2021-07-26 15:00:00,515790.SH,sell,1978.0001514841385,1983.0001514841385,1.552446,11000,5.0,False
2021-07-27 15:00:00,516160.SH,sell,59203.58940480006,59261.73600000006,1.28871,225600,58.14659520000001,False
2021-07-28 15:00:00,515790.SH,sell,12004.482198835938,12057.499448515939,1.437561,184400,53.01724968000001,False
2021-07-28 15:00:00,159915.SZ,sell,-11894.843889599973,-11840.387999999974,3.13686,86800,54.4558896,False
2021-07-28 15:00:00,159870.SZ,sell,-9913.15891323997,-9858.26709999997,1.032966,265700,54.891813240000005,False
2021-07-28 15:00:00,159995.SZ,sell,1858.7452000000048,1863.7452000000048,1.693305,12200,5.0,False
2021-08-02 15:00:00,159995.SZ,sell,49404.765283200075,49465.188000000075,1.8421560000000001,164000,60.42271680000001,False
2021-08-02 15:00:00,515000.SH,sell,6602.33769984003,6659.02080000003,1.845153,153600,56.68310016,False
2021-08-02 15:00:00,515220.SH,sell,11661.258934800055,11718.936000000054,1.7372610000000002,166000,57.6770652,False
2021-08-04 15:00:00,515790.SH,sell,-13257.720295599964,-13201.671999999964,1.553445,180400,56.0482956,False
2021-08-06 15:00:00,512710.SH,sell,11265.355482720057,11326.297200000057,1.9420560000000002,156900,60.941717280000006,False
2021-08-06 15:00:00,159870.SZ,sell,18687.778314539995,18746.873699999996,1.085913,272100,59.095385459999996,False
2021-08-10 15:00:00,159915.SZ,sell,-4528.2179865599455,-4470.422399999946,3.3446520000000004,86400,57.795586560000004,False
2021-08-10 15:00:00,515050.SH,sell,821.8774825318555,826.8774825318555,1.2417569999999998,11800,5.0,False
2021-08-13 15:00:00,515050.SH,sell,14314.943697968183,14372.067017468184,1.2337649999999998,231500,57.1233195,False
2021-08-16 15:00:00,159995.SZ,sell,-19322.36815260002,-19267.67550000002,1.6523459999999999,165500,54.692652599999995,False
2021-08-17 15:00:00,515030.SH,sell,-26581.473094799963,-26528.221199999964,2.33766,113900,53.2518948,False
2021-08-20 15:00:00,515050.SH,sell,-8182.18264819991,-8127.085999999909,1.1648340000000001,236500,55.09664820000001,False
2021-08-23 15:00:00,515220.SH,sell,-7773.884533799976,-7723.069199999976,1.833165,138600,50.815333800000005,False
2021-08-23 15:00:00,512710.SH,sell,-109.26499999999893,-104.26499999999893,1.9440540000000002,7500,5.0,False
2021-08-24 15:00:00,515210.SH,sell,-924.7882051999211,-868.2499999999211,1.8721260000000002,151000,56.53820520000001,False
2021-08-26 15:00:00,159995.SZ,sell,10197.947735039988,10255.065599999989,1.7162819999999999,166400,57.117864960000006,False
2021-08-30 15:00:00,515790.SH,sell,17030.414863800026,17089.020000000026,1.792206,163500,58.6051362,False
2021-08-31 15:00:00,516160.SH,sell,1530.7130000000052,1535.7130000000052,1.4435550000000001,13100,5.0,False
2021-09-02 15:00:00,515030.SH,sell,897.3088046000181,952.5581000000182,2.38761,115700,55.24929540000001,False
2021-09-02 15:00:00,516160.SH,sell,4703.030320800025,4758.096000000025,1.3496489999999999,204000,55.06567919999999,False
2021-09-03 15:00:00,515210.SH,sell,1461.1682000000071,1466.1682000000071,2.1888090000000004,8200,5.0,False
2021-09-03 15:00:00,515220.SH,sell,1175.7460000000042,1180.7460000000042,2.28771,8400,5.0,False
2021-09-07 15:00:00,159995.SZ,sell,2877.0820748800156,2936.3776000000157,1.597401,185600,59.29552512000001,False
2021-09-08 15:00:00,511880.SH,sell,-575.5775290799629,-517.4447999999629,126.37549800000001,2300,58.13272908000001,False
2021-09-09 15:00:00,512880.SH,sell,-889.0136332000043,-829.9060000000043,1.2417569999999998,238000,59.107633199999995,False
2021-09-09 15:00:00,515220.SH,sell,2517.379600000004,2522.379600000004,2.470527,7800,5.0,False
2021-09-13 15:00:00,515220.SH,sell,43973.52364464005,44033.94780000005,2.513484,120200,60.42415536,False
2021-09-14 15:00:00,515030.SH,sell,-2149.0153238400026,-2088.2400000000025,2.466531,123200,60.77532383999999,False
2021-09-14 15:00:00,515210.SH,sell,2365.690800000004,2370.690800000004,2.358639,6800,5.0,False
2021-09-15 15:00:00,515210.SH,sell,33561.027035800085,33618.80500000009,2.2747230000000003,127000,57.777964200000014,False
2021-09-16 15:00:00,515030.SH,sell,4.639936140001462,10.710000000001463,2.550447,11900,6.070063860000001,False
2021-09-17 15:00:00,159755.SZ,sell,-12561.853664559978,-12509.730399999979,1.305693,199600,52.12326456,False
2021-09-17 15:00:00,515790.SH,sell,-10027.133535719924,-9971.245199999925,1.6643340000000002,167900,55.888335720000015,False
2021-09-17 15:00:00,516160.SH,sell,-10521.734218879941,-10464.290599999942,1.344654,213600,57.44361888,False
2021-09-17 15:00:00,512880.SH,sell,-14753.640534078151,-14701.982643678151,1.184814,218000,51.65789040000001,False
2021-09-17 15:00:00,512710.SH,sell,-21942.28009930779,-21890.24714434779,1.804194,144200,52.032954960000005,False
2021-09-22 15:00:00,512710.SH,sell,-2858.419327972169,-2852.417655652169,1.7862120000000001,16800,6.001672320000001,False
2021-09-23 15:00:00,512880.SH,sell,-2741.8283937074198,-2694.59297640742,1.1898090000000001,198500,47.23541730000001,False
2021-09-23 15:00:00,511880.SH,sell,-536.7025672599555,-488.6529249999555,126.44642700000001,1900,48.049642260000006,False
2021-09-24 15:00:00,511880.SH,sell,-1022.9842665399615,-929.4094749999615,126.452421,3700,93.57479154,False
2021-09-24 15:00:00,512880.SH,sell,189.5379375847402,228.5973590647402,1.204794,162100,39.05942148,False
2021-09-27 15:00:00,512710.SH,sell,-804.7141311599602,-747.4625999999602,1.836162,155900,57.251531160000006,False
2021-09-29 15:00:00,159755.SZ,sell,-15313.451224919969,-15259.05059999997,1.2397589999999998,219400,54.40062492,False
2021-09-29 15:00:00,515790.SH,sell,-1961.0416223999468,-1905.119999999947,1.664334,168000,55.921622400000004,False
2021-09-29 15:00:00,512880.SH,sell,-6944.874337119998,-6890.150615619998,1.1738250000000001,233100,54.72372150000001,False
2021-09-29 15:00:00,516160.SH,sell,-6418.8919545599865,-6363.8615999999865,1.3266719999999999,207400,55.03035456,False
2021-09-29 15:00:00,511880.SH,sell,-542.8892195999762,-489.7619999999762,126.49338,2100,53.127219600000004,False
2021-10-12 15:00:00,512880.SH,sell,-15.069267507568084,-0.48914222756808456,1.1608379999999998,62800,14.580125279999999,False
2021-10-12 15:00:00,515790.SH,sell,-1687.533554789313,-1674.772848269313,1.619379,39400,12.760706520000001,False
2021-10-12 15:00:00,516160.SH,sell,-469.04909528559494,-454.92351500559494,1.300698,54300,14.125580279999998,False
2021-10-12 15:00:00,511880.SH,sell,-131.52250302666133,-116.33406666666133,126.570303,600,15.188436359999999,False
2021-10-13 15:00:00,515790.SH,sell,-11456.543974630638,-11401.82165173064,1.595403,171500,54.722322899999995,False
2021-10-13 15:00:00,515210.SH,sell,-295.8902999999992,-290.8902999999992,1.770228,3700,5.0,False
2021-10-13 15:00:00,516160.SH,sell,-7605.3797169943655,-7550.966184994366,1.273725,213600,54.413532,False
2021-10-19 15:00:00,512880.SH,sell,-2972.5536754899385,-2926.8795952899386,1.1288699999999998,202300,45.67408019999999,False
2021-10-19 15:00:00,511880.SH,sell,-418.7975865110991,-373.2186111110991,126.608265,1800,45.578975400000004,False
2021-10-20 15:00:00,512880.SH,sell,-3517.8096888814125,-3426.0445858414123,1.1348639999999999,404300,91.76510304,False
2021-10-21 15:00:00,515220.SH,sell,-37380.401581339946,-37296.50689999994,2.176821,192700,83.89468134,False
2021-10-21 15:00:00,511880.SH,sell,-854.5796391347621,-763.4152148147621,126.61725600000001,3600,91.16442432000002,False
2021-11-02 15:00:00,511880.SH,sell,-1152.407936691397,-1018.134344691397,126.6732,5300,134.273592,False
2021-11-03 15:00:00,511880.SH,sell,-356.05659886023267,-312.98499358023264,126.68119200000001,1700,43.07160528000001,False
2021-11-08 15:00:00,159981.SZ,sell,-13905.688739039935,-13819.553999999935,1.530468,281400,86.13473904,False
2021-11-15 15:00:00,159928.SZ,sell,-2383.174420160005,-2347.790000000005,4.619376,38300,35.38442016,False
2021-11-15 15:00:00,516160.SH,sell,-1262.4435837999952,-1229.4603999999952,1.46853,112300,32.9831838,False
2021-11-15 15:00:00,511880.SH,sell,-233.26477102962264,-195.24422962962262,126.735138,1500,38.0205414,False
2021-11-18 15:00:00,159928.SZ,sell,367.2809175522497,380.3671781922497,4.707288,13900,13.08626064,False
2021-11-18 15:00:00,516160.SH,sell,-1690.5550157266052,-1677.5745292066051,1.429569,45400,12.980486520000001,False
2021-11-18 15:00:00,512690.SH,sell,1745.4555763200124,1759.7376000000124,2.479518,28800,14.282023680000002,False
2021-11-18 15:00:00,511880.SH,sell,-75.03223840122395,-62.35542790122395,126.768105,500,12.676810500000002,False
2021-11-23 15:00:00,511880.SH,sell,-243.37265756466988,-195.19242602466989,126.790083,1900,48.18023154,False
2021-11-25 15:00:00,511880.SH,sell,-478.69635120653356,-433.04796528653355,126.801072,1800,45.64838592,False
2021-11-29 15:00:00,511880.SH,sell,-499.950258913685,-451.757120293685,126.824049,1900,48.193138620000006,False
2021-11-30 15:00:00,516160.SH,sell,3072.49017720672,3127.08352920672,1.4835150000000001,184000,54.593352,False
2021-12-01 15:00:00,515030.SH,sell,-1497.1357532999746,-1449.3368999999745,2.670327,89500,47.798853300000005,False
2021-12-02 15:00:00,512690.SH,sell,14047.08934480007,14101.18000000007,2.5514460000000003,106000,54.09065520000001,False
2021-12-06 15:00:00,515030.SH,sell,-305.23629359990434,-251.98319999990434,2.65734,100200,53.2530936,False
2021-12-09 15:00:00,159755.SZ,sell,-9919.012056459933,-9867.679899999934,1.389609,184700,51.33215646000001,False
2021-12-15 15:00:00,159928.SZ,sell,16633.79820324771,16689.36402180771,4.979016,55800,55.56581856,False
2021-12-20 15:00:00,159995.SZ,sell,-12550.84806875993,-12503.024699999929,1.612386,148300,47.82336876,False
2021-12-22 15:00:00,159995.SZ,sell,701.5164967200229,751.483200000023,1.597401,156400,49.966703280000004,False
2021-12-23 15:00:00,515050.SH,sell,743.6673962128058,748.6673962128058,1.256742,13800,5.0,False
2021-12-27 15:00:00,159915.SZ,sell,-6937.5206322399645,-6886.244199999965,3.192804,80300,51.276432240000005,False
2021-12-28 15:00:00,159995.SZ,sell,-238.48353560000064,-233.22440000000063,1.603395,16400,5.2591356000000005,False
2021-12-29 15:00:00,159915.SZ,sell,2323.837449560022,2375.595200000022,3.222774,80300,51.75775044,False
2021-12-30 15:00:00,512690.SH,sell,-12888.401580079946,-12837.312799999947,2.655342,96200,51.08878008000001,False
2022-01-05 15:00:00,511880.SH,sell,-583.4886119999471,-519.9641999999471,127.04882400000001,2500,63.524412000000005,False
2022-01-05 15:00:00,515050.SH,sell,3619.6026556320726,3633.6210631920726,1.2767220000000001,54900,14.018407560000002,False
2022-01-05 15:00:00,512710.SH,sell,-209.01613052403334,-195.08999060403335,2.041956,34100,13.926139919999999,False
2022-01-05 15:00:00,159928.SZ,sell,755.0079858185472,768.1600206185473,4.871123999999999,13500,13.152034799999997,False
2022-01-06 15:00:00,512710.SH,sell,-12463.593723555989,-12412.918609395989,1.952046,129800,50.67511416,False
2022-01-06 15:00:00,515050.SH,sell,3527.0454886751213,3578.0225405951214,1.227771,207600,50.97705192,False
2022-01-11 15:00:00,512690.SH,sell,-1983.1910364371179,-1971.0354441971178,2.511486,24200,12.155592240000002,False
2022-01-11 15:00:00,159928.SZ,sell,-1190.4503705901059,-1178.233399790106,4.73526,12900,12.216970800000002,False
2022-01-11 15:00:00,512880.SH,sell,-1397.7596615964383,-1384.9131209964382,1.1368619999999998,56500,12.846540599999997,False
2022-01-11 15:00:00,511880.SH,sell,-118.90057869999296,-106.19199999999296,127.08578700000001,500,12.708578700000002,False
2022-01-12 15:00:00,512690.SH,sell,-10761.598759002753,-10711.052555802753,2.4875100000000003,101600,50.54620320000001,False
2022-01-13 15:00:00,512880.SH,sell,-4352.038888183491,-4288.39177900349,1.1418570000000001,278700,63.64710918000001,False
2022-01-13 15:00:00,159928.SZ,sell,-7133.173101948475,-7069.238220828475,4.687307999999999,68200,63.93488111999999,False
2022-01-13 15:00:00,515050.SH,sell,927.907063670948,962.212084310948,1.1978010000000001,143200,34.30502064,False
2022-01-13 15:00:00,511880.SH,sell,-413.9952972000016,-368.2383000000016,127.10277,1800,45.7569972,False
2022-01-19 15:00:00,515050.SH,sell,21447.030795289167,21578.878415689167,1.21878,540900,131.8476204,False
2022-01-21 15:00:00,511880.SH,sell,-1373.093330761141,-1243.422011881141,127.128744,5100,129.67131888,False
2022-01-24 15:00:00,511880.SH,sell,-411.85284774038354,-368.6199039603835,127.155717,1700,43.23294378000001,False
2022-01-26 15:00:00,515210.SH,sell,-10527.69276855994,-10443.50559999994,1.6423560000000001,256300,84.18716856000002,False
2022-01-26 15:00:00,515220.SH,sell,-22448.7335555999,-22366.970999999903,1.9560420000000003,209000,81.76255560000001,False
2022-01-26 15:00:00,511880.SH,sell,-730.5061703159619,-649.1175603959618,127.16970300000001,3200,81.38860992000001,False
2022-02-23 15:00:00,511880.SH,sell,-698.6623867611603,-573.8921618811603,127.316556,4900,124.77022488,False
2022-02-25 15:00:00,518880.SH,sell,4099.245927632572,4142.972237552572,3.8491470000000003,56800,43.726309920000006,False
2022-02-25 15:00:00,511880.SH,sell,-215.3500143416236,-174.6061589816236,127.324548,1600,40.74385536,False
2022-03-04 15:00:00,515220.SH,sell,1964.0230000000008,1969.0230000000008,2.330667,10500,5.0,False
2022-03-09 15:00:00,515220.SH,sell,11968.267188800033,12050.573600000032,2.20779,186400,82.30641120000001,False
2022-03-09 15:00:00,518880.SH,sell,24052.676781153634,24135.142632753636,4.010985000000001,102800,82.46585160000002,False
2022-03-09 15:00:00,511880.SH,sell,-181.92332566684996,-102.93503302684996,127.40047200000001,3100,78.98829264,False
2022-03-14 15:00:00,518880.SH,sell,-6227.103901735727,-6186.278707795727,3.9330629999999998,51900,40.82519394,False
2022-03-14 15:00:00,511880.SH,sell,-461.670291463254,-415.79713054325396,127.425447,1800,45.873160920000004,False
2022-03-21 15:00:00,518880.SH,sell,-8640.301107872427,-8599.213556552426,3.847149,53400,41.08755132,False
2022-03-21 15:00:00,511880.SH,sell,-426.9521328919445,-383.6210273719445,127.444428,1700,43.33110552,False
2022-04-14 15:00:00,515220.SH,sell,1885.6156000000065,1890.6156000000065,2.4555420000000003,9300,5.0,False
2022-04-19 15:00:00,515220.SH,sell,30409.392765600125,30495.672000000126,2.4235740000000003,178000,86.27923440000002,False
2022-04-19 15:00:00,518880.SH,sell,-4911.260554818138,-4826.530909278138,3.9630330000000002,106900,84.72964554,False
2022-04-19 15:00:00,511880.SH,sell,-276.5924557880094,-192.36506748800934,127.617255,3300,84.2273883,False
2022-05-17 15:00:00,518880.SH,sell,-15752.056715399576,-15624.023596679575,3.847149,166400,128.03311872,False
2022-06-16 15:00:00,511880.SH,sell,-403.7373947167654,-273.28044225676535,127.89897300000001,5100,130.45695246000002,False
2022-06-27 15:00:00,511880.SH,sell,-201.05493621258378,-73.11700221258377,127.937934,5000,127.93793400000001,False
2022-06-27 15:00:00,512690.SH,sell,13673.236389120057,13754.664000000057,2.461536,165400,81.42761088,False
2022-06-28 15:00:00,512690.SH,sell,12894.502532760018,12947.941800000019,2.499498,106900,53.43926724000001,False
2022-06-30 15:00:00,515030.SH,sell,-10262.51244820003,-10211.71150000003,2.3196779999999997,109500,50.8009482,False
2022-06-30 15:00:00,159755.SZ,sell,-9707.882858559964,-9656.952399999964,1.250748,203600,50.93045856,False
2022-06-30 15:00:00,515790.SH,sell,-5018.149396479996,-4966.277799999995,1.637361,158400,51.87159648,False
2022-06-30 15:00:00,513130.SH,sell,-6504.307815599938,-6452.774999999939,0.62937,409400,51.5328156,False
2022-06-30 15:00:00,516160.SH,sell,-8114.708107600031,-8063.4670000000315,1.2907079999999997,198500,51.24110759999999,False
2022-07-04 15:00:00,512690.SH,sell,-490.69723999999366,-477.9499999999937,2.549448,25000,12.74724,False
2022-07-04 15:00:00,515050.SH,sell,-547.3156362799956,-534.6445999999956,0.9330660000000001,67900,12.671036280000001,False
2022-07-04 15:00:00,159928.SZ,sell,-581.4420460799804,-568.7807999999804,4.587408000000001,13800,12.661246080000003,False
2022-07-04 15:00:00,511880.SH,sell,-130.40978789998363,-117.61049999998363,127.99287900000002,500,12.799287900000001,False
2022-07-05 15:00:00,512690.SH,sell,-2753.5436326399526,-2702.8669999999524,2.541456,99700,50.67663264,False
2022-07-05 15:00:00,512710.SH,sell,366.6744000000007,371.6744000000007,1.6983000000000001,6800,5.0,False
2022-07-05 15:00:00,515050.SH,sell,-6279.1129144999895,-6229.077499999989,0.918081,272500,50.0354145,False
2022-07-05 15:00:00,511880.SH,sell,-482.2731513599487,-433.6331999999487,127.99987200000001,1900,48.63995136000001,False
2022-07-05 15:00:00,159928.SZ,sell,985.8169841600348,1037.3096000000348,4.647348,55400,51.492615840000006,False
2022-07-07 15:00:00,515030.SH,sell,-1291.7769987199817,-1241.1463999999817,2.4155819999999997,104800,50.630598719999995,False
2022-07-08 15:00:00,159755.SZ,sell,7784.600709600031,7837.057800000031,1.31868,198900,52.4570904,False
2022-07-12 15:00:00,513130.SH,sell,-15540.961162799978,-15493.171799999978,0.58941,405400,47.7893628,False
2022-07-14 15:00:00,515790.SH,sell,-112.2071431199578,-61.3211999999578,1.7052930000000002,149200,50.88594312000001,False
2022-07-15 15:00:00,512690.SH,sell,-613.7503088799536,-564.9879999999537,2.4235740000000003,100600,48.76230888000001,False
2022-07-15 15:00:00,516160.SH,sell,2267.96122188001,2319.3117000000098,1.3606379999999998,188700,51.35047811999999,False
2022-07-18 15:00:00,562800.SH,sell,-3267.8171122199865,-3218.3987999999863,0.908091,272100,49.418312220000004,False
2022-07-19 15:00:00,159928.SZ,sell,-1937.7886428800011,-1888.1612000000011,4.399596,56400,49.627442880000004,False
2022-07-20 15:00:00,159992.SZ,sell,-3363.188218779958,-3314.435799999958,1.035963,235300,48.75241878,False
2022-07-20 15:00:00,513130.SH,sell,-3937.3034180399823,-3888.0107999999823,0.581418,423900,49.29261804,False
2022-07-22 15:00:00,512710.SH,sell,-7891.558231199953,-7843.037999999953,1.6503480000000001,147000,48.520231200000005,False
2022-08-05 15:00:00,159915.SZ,sell,-18970.12242480001,-18923.79360000001,2.562435,90400,46.3288248,False
2022-08-11 15:00:00,159755.SZ,sell,-15786.174950979961,-15739.952199999962,1.167831,197900,46.22275098,False
2022-08-12 15:00:00,515030.SH,sell,-8905.853761099988,-8858.262499999988,2.2427550000000003,106100,47.591261100000004,False
2022-08-15 15:00:00,159915.SZ,sell,-3500.8228112000065,-3454.8800000000065,2.610387,88000,45.9428112,False
2022-08-15 15:00:00,515790.SH,sell,-711.7814899601352,-664.7633551601352,1.722276,136500,47.0181348,False
2022-08-15 15:00:00,512710.SH,sell,5805.640156599977,5852.549799999977,1.7082899999999999,137300,46.9096434,False
2022-08-15 15:00:00,516160.SH,sell,-12773.594486494878,-12727.934112574878,1.2797189999999998,178400,45.66037392,False
2022-08-15 15:00:00,511880.SH,sell,-454.3027952799565,-410.7216999999565,128.17969200000002,1700,43.581095280000014,False
2022-08-17 15:00:00,515790.SH,sell,927.394053047301,940.046887547301,1.8231750000000002,34700,12.652834500000003,False
2022-08-17 15:00:00,512710.SH,sell,-286.25041925338985,-274.75728389338985,1.710288,33600,11.49313536,False
2022-08-17 15:00:00,516160.SH,sell,199.0691572021661,211.1153389621661,1.3266719999999999,45400,12.046181759999998,False
2022-08-17 15:00:00,511880.SH,sell,-139.1567290695606,-126.33776086956061,128.189682,500,12.8189682,False
2022-08-22 15:00:00,516160.SH,sell,-3509.8867510271807,-3463.1981263871808,1.302696,179200,46.68862464,False
2022-08-22 15:00:00,515790.SH,sell,2877.7259394055,2923.7875516855,1.8191789999999999,126600,46.06161228,False
2022-08-22 15:00:00,159941.SZ,sell,-3426.984223039911,-3381.492799999911,2.8011960000000005,81200,45.49142304000001,False
2022-08-22 15:00:00,512710.SH,sell,-6264.663564579916,-6219.577655619916,1.672326,134800,45.085908960000005,False
2022-08-22 15:00:00,511880.SH,sell,-434.07979101651057,-390.48748695651057,128.212659,1700,43.592304060000004,False
2022-08-24 15:00:00,515790.SH,sell,818.1473379941933,831.0004719941933,1.8361619999999998,35000,12.853134,False
2022-08-24 15:00:00,159941.SZ,sell,-1269.6981013313646,-1258.9310391713645,2.705292,19900,10.76706216,False
2022-08-24 15:00:00,512710.SH,sell,-690.825706827751,-679.393190787751,1.6763219999999999,34100,11.43251604,False
2022-08-24 15:00:00,511880.SH,sell,-109.27768354433928,-99.02019130433928,128.21865300000002,400,10.257492240000001,False
2022-08-25 15:00:00,512710.SH,sell,-11726.556943658905,-11681.635869698905,1.612386,139300,44.92107396000001,False
2022-08-30 15:00:00,159941.SZ,sell,-11852.444764508515,-11796.384560828516,2.6493480000000003,105800,56.06020368,False
2022-08-30 15:00:00,513500.SH,sell,-5619.908131861431,-5565.667946341431,2.625372,103300,54.240185520000004,False
2022-08-30 15:00:00,515790.SH,sell,-9725.267382331762,-9670.389714931762,1.743255,157400,54.8776674,False
2022-08-30 15:00:00,511880.SH,sell,-552.0384755736223,-498.1807671936224,128.232639,2100,53.857708380000005,False
2022-09-01 15:00:00,515790.SH,sell,-25019.176844814974,-24948.431341134976,1.606392,220200,70.74550368,False
2022-09-09 15:00:00,513500.SH,sell,-1276.9739157873605,-1257.7982306673605,2.605392,36800,19.17568512,False
2022-09-09 15:00:00,159941.SZ,sell,1536.194729920002,1553.627200000002,2.625372,33200,17.43247008,False
2022-09-09 15:00:00,511880.SH,sell,-199.5292579133228,-179.00532239332279,128.27459700000003,800,20.523935520000006,False
2022-09-15 15:00:00,159941.SZ,sell,-176.67585879999314,-122.18919999999312,2.57742,105700,54.4866588,False
2022-09-15 15:00:00,513500.SH,sell,-6674.01246899115,-6619.1134229911495,2.57742,106500,54.899046,False
2022-09-15 15:00:00,515220.SH,sell,-8028.696782879964,-7976.012399999964,2.7612360000000002,95400,52.68438288,False
2022-09-15 15:00:00,511880.SH,sell,-456.87353638334145,-405.55530598334144,128.295576,2000,51.31823040000001,False
2022-09-19 15:00:00,515220.SH,sell,-27146.279926399995,-27042.210499999994,2.6413559999999996,197000,104.06942639999998,False
2022-09-19 15:00:00,511880.SH,sell,-1082.0540403006107,-976.8254542206108,128.32754400000002,4100,105.22858608000001,False
2022-09-21 15:00:00,513500.SH,sell,5966.508838720065,6074.359600000065,2.565432,210200,107.85076128,False
2022-10-14 15:00:00,515220.SH,sell,-24765.209663999976,-24662.975999999977,2.5974,196800,102.233664,False
2022-10-14 15:00:00,511880.SH,sell,-720.8900221449263,-618.1456693449263,128.43044100000003,4000,102.74435280000003,False
2022-11-14 15:00:00,511880.SH,sell,-740.6595489810113,-635.2630310010113,128.532339,4100,105.39651798000001,False
2022-12-01 15:00:00,518880.SH,sell,1003.738997120026,1039.120700000026,3.940056,44900,35.38170288,False
2022-12-01 15:00:00,511880.SH,sell,-151.74309498814634,-118.30806348814633,128.596275,1300,33.4350315,False
2022-12-05 15:00:00,159992.SZ,sell,-453.74713578010267,-436.52825190010265,0.9450540000000001,91100,17.21888388,False
2022-12-05 15:00:00,518880.SH,sell,1295.2737050800163,1313.2408000000162,3.975021,22600,17.96709492,False
2022-12-05 15:00:00,511880.SH,sell,-81.00866023822753,-63.00504187822753,128.597274,700,18.00361836,False
2022-12-14 15:00:00,159992.SZ,sell,-341.4328246037949,-330.65171650379494,0.9440550000000001,57100,10.7811081,False
2022-12-14 15:00:00,518880.SH,sell,30.688903920014667,40.80270000001467,3.9200760000000003,12900,10.113796080000002,False
2022-12-14 15:00:00,513500.SH,sell,-963.9835838400033,-954.2172000000033,2.6253719999999996,18600,9.766383839999998,False
2022-12-14 15:00:00,511880.SH,sell,-32.307460193273,-22.016881073272998,128.632239,400,10.29057912,False
2022-12-15 15:00:00,512170.SH,sell,-48.18920000000013,-43.18920000000013,1.4925059999999999,3600,5.0,False
2022-12-16 15:00:00,159992.SZ,sell,-1139.7886326269759,-1129.6835478269759,0.927072,54500,10.1050848,False
2022-12-16 15:00:00,513500.SH,sell,-958.0797791493328,-947.8486205493328,2.623374,19500,10.231158600000002,False
2022-12-16 15:00:00,518880.SH,sell,22.183236849662624,32.477392389662626,3.9290670000000003,13100,10.294155540000002,False
2022-12-16 15:00:00,511880.SH,sell,-36.920641578631304,-26.627664858631306,128.662209,400,10.292976719999999,False
2022-12-20 15:00:00,159992.SZ,sell,-9563.83607616908,-9523.468883769081,0.9050940000000001,223000,40.36719240000001,False
2022-12-22 15:00:00,513500.SH,sell,-11269.937795130641,-11230.073379450641,2.529468,78800,39.86441568,False
2022-12-26 15:00:00,513690.SH,sell,341.3258828366145,351.61929911661446,0.750249,68600,10.29341628,False
2022-12-26 15:00:00,512880.SH,sell,-1394.1570740270079,-1383.7701713270078,0.864135,60100,10.3869027,False
2022-12-26 15:00:00,518880.SH,sell,78.73004954343025,88.51129850343025,3.944052,12400,9.781248960000001,False
2022-12-26 15:00:00,511880.SH,sell,-40.2180020493626,-29.9231072493626,128.68618500000002,400,10.294894800000002,False
2022-12-27 15:00:00,513690.SH,sell,807.0367966834036,847.5920008834037,0.748251,271000,40.555204200000006,False
2022-12-29 15:00:00,513130.SH,sell,1137.6087443217098,1148.1288536817099,0.555444,94700,10.520109360000001,False
2022-12-29 15:00:00,512880.SH,sell,-953.6828026808138,-943.5490465808138,0.866133,58500,10.133756100000001,False
2022-12-29 15:00:00,518880.SH,sell,256.5800789110884,266.56440459108836,3.9620339999999996,12600,9.98432568,False
2022-12-29 15:00:00,511880.SH,sell,-50.39784377371432,-40.10198993371432,128.698173,400,10.29585384,False
2023-01-03 15:00:00,511880.SH,sell,-33.763784647992296,2.300235232007708,128.800071,1400,36.064019880000004,False
2023-01-04 15:00:00,512880.SH,sell,-4558.3460267321125,-4517.571482092112,0.863136,236200,40.77454464,False
2023-01-05 15:00:00,513130.SH,sell,3090.831087495237,3102.719347335237,0.575424,103300,11.888259840000002,False
2023-01-05 15:00:00,512690.SH,sell,-425.1063099891998,-415.3826433891998,2.371626,20500,9.7236666,False
2023-01-05 15:00:00,518880.SH,sell,582.6463144757665,592.6413094757665,3.997998,12500,9.994995,False
2023-01-17 15:00:00,512690.SH,sell,740.6656145251407,745.6656145251407,2.5694280000000003,4200,5.0,False
2023-01-20 15:00:00,511880.SH,sell,-310.84842868344623,-269.62089748344624,128.836035,1600,41.22753120000001,False
2023-02-07 15:00:00,513130.SH,sell,8575.83795658307,8616.65469898307,0.5694300000000001,358400,40.81674240000001,False
2023-02-08 15:00:00,518880.SH,sell,2812.0084980401925,2853.2701950401924,4.005990000000001,51500,41.26169700000001,False
2023-02-10 15:00:00,512880.SH,sell,-6007.032013919963,-5965.707299999963,0.943056,219100,41.32471392,False
2023-02-16 15:00:00,512880.SH,sell,-1555.8948442799904,-1514.8601999999903,0.930069,220600,41.03464428,False
2023-02-22 15:00:00,513130.SH,sell,-8056.1348291199765,-8016.723399999976,0.543456,362600,39.41142912000001,False
2023-02-23 15:00:00,159928.SZ,sell,529.0527586206933,534.0527586206933,4.399596,2500,5.0,False
2023-02-27 15:00:00,159915.SZ,sell,-9202.127788119951,-9162.47559999995,2.3546430000000003,84200,39.652188120000005,False
2023-03-02 15:00:00,512170.SH,sell,-8150.638013279986,-8110.771199999986,1.552446,128400,39.86681328,False
2023-03-02 15:00:00,159992.SZ,sell,-2284.963996859974,-2243.861999999974,0.980019,209700,41.10199686,False
2023-03-08 15:00:00,511880.SH,sell,-465.79936703989983,-416.7554999998998,129.06280800000002,1900,49.04386704000001,False
2023-03-08 15:00:00,159819.SZ,sell,268.3777313067085,277.5754843467085,0.8011980000000001,57400,9.19775304,False
2023-03-08 15:00:00,512690.SH,sell,1999.0556301502247,2009.3009345902246,2.5234739999999998,20300,10.245304439999998,False
2023-03-08 15:00:00,159928.SZ,sell,201.9182021942837,211.6788317942837,4.243752,11500,9.7606296,False
2023-03-09 15:00:00,518880.SH,sell,-163.43790000000092,-158.43790000000092,4.028967,3100,5.0,False
2023-03-13 15:00:00,159611.SZ,sell,-3391.3856295999813,-3351.654999999981,0.875124,227000,39.73062960000001,False
2023-03-13 15:00:00,159928.SZ,sell,-4479.607098414894,-4440.354390414894,4.131864,47500,39.252708000000005,False
2023-03-17 15:00:00,512690.SH,sell,2135.3685556338637,2184.5406942738637,2.463534,99800,49.17213864000001,False
2023-03-21 15:00:00,518880.SH,sell,7128.783737840045,7180.310000000046,4.322673,59600,51.52626216,False
2023-03-24 15:00:00,159819.SZ,sell,8945.875921917068,8959.919464317069,0.91908,76400,14.0435424,False
2023-03-24 15:00:00,159941.SZ,sell,1378.8682543046282,1389.4762756646282,2.6653320000000003,19900,10.608021360000002,False
2023-03-24 15:00:00,518880.SH,sell,-449.32074364000226,-440.3134000000023,4.248747,10600,9.00734364,False
2023-03-24 15:00:00,511880.SH,sell,-67.88710433999474,-60.13919999999473,129.131739,300,7.747904340000002,False
2023-03-29 15:00:00,159819.SZ,sell,4322.280099124284,4331.593576324284,0.9130860000000001,51000,9.313477200000001,False
2023-03-29 15:00:00,159941.SZ,sell,1693.2404595370617,1704.3533355370616,2.6973000000000003,20600,11.112876000000002,False
2023-03-29 15:00:00,518880.SH,sell,-824.5201348137351,-814.3058593137351,4.220775,12100,10.2142755,False
2023-03-29 15:00:00,511880.SH,sell,-91.16733815999746,-80.83583999999746,129.14372699999998,400,10.331498159999999,False
2023-04-06 15:00:00,159819.SZ,sell,1976.8276055953265,1981.8276055953265,0.999,11600,5.0,False
2023-04-11 15:00:00,159819.SZ,sell,29012.35527853667,29053.84286941667,0.963036,215400,41.48759088,False
2023-04-13 15:00:00,511880.SH,sell,-216.04788287994958,-174.69215999994958,129.236634,1600,41.35572288000001,False
2023-04-14 15:00:00,515050.SH,sell,9156.589147259981,9200.05289999998,1.0159829999999999,213900,43.46375274,False
2023-04-17 15:00:00,159995.SZ,sell,25.594200000000328,30.594200000000328,1.272726,4100,5.0,False
2023-04-17 15:00:00,515000.SH,sell,372.4329514406415,383.5976156006415,1.4025960000000002,39800,11.164664160000003,False
2023-04-17 15:00:00,159941.SZ,sell,2029.2316787840325,2040.0322274240325,2.7412560000000004,19700,10.80054864,False
2023-04-17 15:00:00,518880.SH,sell,731.5453432272943,742.1004975072943,4.361634,12100,10.55515428,False
2023-04-19 15:00:00,159941.SZ,sell,8657.772692574325,8700.660961374324,2.749248,78000,42.888268800000006,False
2023-04-19 15:00:00,511880.SH,sell,-394.02742815999926,-352.65699999999924,129.282588,1600,41.37042816,False
2023-04-19 15:00:00,518880.SH,sell,-22.957449193616128,19.189361806383864,4.300694999999999,49000,42.14681099999999,False
2023-04-24 15:00:00,159995.SZ,sell,-7730.49862623999,-7689.20619999999,1.194804,172800,41.292426240000005,False
2023-04-24 15:00:00,515050.SH,sell,-3100.304215119986,-3058.081599999986,0.9930059999999999,212600,42.22261512,False
2023-04-24 15:00:00,516510.SH,sell,1024.4722716800204,1067.5808000000204,1.194804,180400,43.108528320000005,False
2023-04-24 15:00:00,159819.SZ,sell,-6876.320304699968,-6834.866499999968,0.934065,221900,41.453804700000006,False
2023-04-24 15:00:00,515000.SH,sell,-6950.4008711005945,-6909.297515600594,1.347651,152500,41.1033555,False
2023-04-27 15:00:00,511880.SH,sell,-724.6452574399135,-657.4099999999135,129.298572,2600,67.23525744000001,False
2023-04-27 15:00:00,518880.SH,sell,1202.043105339996,1230.459999999996,4.318676999999999,32900,28.416894659999997,False
2023-04-27 15:00:00,159941.SZ,sell,-304.85356351998394,-277.1647999999839,2.7252720000000004,50800,27.688763520000002,False
2023-05-05 15:00:00,159941.SZ,sell,2291.6150892000155,2333.8620000000155,2.7612360000000002,76500,42.24691080000001,False
2023-05-05 15:00:00,515000.SH,sell,-65.30123111995988,-23.494199999959875,1.277721,163600,41.807031120000005,False
2023-05-08 15:00:00,159995.SZ,sell,-4954.117809239949,-4913.307899999949,1.081917,188600,40.80990924,False
2023-05-09 15:00:00,515050.SH,sell,-1352.7973468399605,-1311.2257999999604,0.906093,229400,41.57154684,False
2023-05-11 15:00:00,511880.SH,sell,-373.69401131998325,-337.46159999998326,129.401469,1400,36.23241132,False
2023-05-12 15:00:00,159819.SZ,sell,-1669.8135324999796,-1628.3874999999796,0.8541449999999999,242500,41.4260325,False
2023-05-15 15:00:00,516510.SH,sell,-973.2565240933358,-962.9176333333357,1.092906,47300,10.33889076,False
2023-05-15 15:00:00,518880.SH,sell,658.4272026853358,668.5438758853359,4.360635,11600,10.116673200000001,False
2023-05-15 15:00:00,159941.SZ,sell,1327.4871315199953,1338.1279999999954,2.8451519999999997,18700,10.64086848,False
2023-05-16 15:00:00,511880.SH,sell,-449.8176195199186,-408.3985999999186,129.43443600000003,1600,41.41901952000001,False
2023-05-17 15:00:00,516510.SH,sell,-11138.383735306687,-11098.232566666686,1.0549439999999999,190300,40.151168639999995,False
2023-05-19 15:00:00,511880.SH,sell,-405.0566187732916,-368.81833333329155,129.42244800000003,1400,36.238285440000006,False
2023-05-23 15:00:00,511880.SH,sell,-363.58480617333447,-329.93133333333446,129.436434,1300,33.65347284,False
2023-05-25 15:00:00,511880.SH,sell,-366.0439284666321,-332.3894166666321,129.44043000000002,1300,33.65451180000001,False
2023-05-29 15:00:00,159941.SZ,sell,851.1712941176477,856.1712941176477,3.004992,3700,5.0,False
2023-05-29 15:00:00,511880.SH,sell,-347.69167727044214,-314.0314511904421,129.462408,1300,33.66022608000001,False
2023-06-14 15:00:00,159941.SZ,sell,1748.7099294117652,1753.7099294117652,3.260736,3600,5.0,False
2023-06-15 15:00:00,513500.SH,sell,911.1412330275248,916.1412330275248,2.949048,3800,5.0,False
2023-06-26 15:00:00,518880.SH,sell,2278.7131403547014,2320.2278241147014,4.351644,47700,41.514683760000004,False
2023-06-26 15:00:00,159941.SZ,sell,33188.22157739295,33229.31548235295,3.308688,62100,41.09390496,False
2023-06-26 15:00:00,513500.SH,sell,17953.193758815432,17993.837394495433,2.9710259999999997,68400,40.643635679999996,False
2023-06-26 15:00:00,159611.SZ,sell,-6381.656721173824,-6340.9382803738235,0.9170820000000001,222000,40.71844080000001,False
2023-06-26 15:00:00,511880.SH,sell,-241.23136413386072,-202.3542801338607,129.59028000000004,1500,38.87708400000001,False
2023-07-03 15:00:00,159611.SZ,sell,-1198.5556268261869,-1144.916519626187,0.93906,285600,53.639107200000005,False
2023-07-03 15:00:00,159941.SZ,sell,3180.254078096123,3232.663696016123,3.308688,79200,52.40961792,False
2023-07-03 15:00:00,513500.SH,sell,4138.671736534098,4191.404311174098,3.0029939999999997,87800,52.732574639999996,False
2023-07-03 15:00:00,511880.SH,sell,-469.2585637950775,-420.0005910750775,129.62624400000004,1900,49.25797272000002,False
2023-07-14 15:00:00,159941.SZ,sell,304.1662504422225,322.5785397222225,3.3846119999999997,27200,18.41228928,False
2023-07-14 15:00:00,513500.SH,sell,-479.69452494008783,-462.0053518200878,3.028968,29200,17.68917312,False
2023-07-14 15:00:00,511880.SH,sell,-164.85870889886098,-146.70208369886097,129.69018,700,18.1566252,False
2023-07-18 15:00:00,159941.SZ,sell,634.2136110569137,645.2703832169137,3.412584,16200,11.05677216,False
2023-07-18 15:00:00,513500.SH,sell,-114.63008987718179,-103.81139939718179,3.0389579999999996,17800,10.818690479999999,False
2023-07-18 15:00:00,515050.SH,sell,3.4326219709513666,14.18681701095137,1.0929060000000002,49200,10.754195040000003,False
2023-07-18 15:00:00,511880.SH,sell,-85.01601467362454,-74.63896211362453,129.71315700000002,400,10.377052560000003,False
2023-07-21 15:00:00,515050.SH,sell,-13413.677088970893,-13373.149617010893,1.024974,197700,40.52747196,False
2023-07-21 15:00:00,159941.SZ,sell,5060.55840563396,5102.65906283396,3.45654,60900,42.1006572,False
2023-07-21 15:00:00,513500.SH,sell,2295.579898753557,2337.761075353557,3.078918,68500,42.1811766,False
2023-07-21 15:00:00,513130.SH,sell,-3451.5216183343664,-3410.5766043343665,0.54945,372600,40.945014,False
2023-07-21 15:00:00,511880.SH,sell,-296.3370505261409,-257.4186079261409,129.728142,1500,38.9184426,False
2023-07-31 15:00:00,513130.SH,sell,1445.879112850089,1450.879112850089,0.602397,29800,5.0,False
2023-07-31 15:00:00,511880.SH,sell,-512.7850052419584,-463.4810985019584,129.74712300000002,1900,49.30390674000001,False
2023-08-03 15:00:00,159941.SZ,sell,263.1374201137104,273.41113611371037,3.424572,15000,10.273716,False
2023-08-03 15:00:00,513130.SH,sell,3431.372488419825,3441.662148459825,0.593406,86700,10.28966004,False
2023-08-03 15:00:00,513500.SH,sell,-62.052096928463484,-52.16371520846348,3.070926,16100,9.888381720000002,False
2023-08-03 15:00:00,511880.SH,sell,-126.78912306820996,-113.81041476820997,129.787083,500,12.978708300000001,False
2023-08-07 15:00:00,511880.SH,sell,-351.3904629382841,-309.84772725828407,129.821049,1600,41.54273568,False
2023-08-11 15:00:00,518880.SH,sell,-1015.8854154399477,-972.5841999999477,4.391604,49300,43.30121544,False
2023-08-17 15:00:00,159870.SZ,sell,-5784.845308039954,-5742.735499999954,0.6733260000000001,312700,42.109808040000004,False
2023-08-17 15:00:00,159985.SZ,sell,405.6142916913947,410.6142916913947,2.231766,5300,5.0,False
2023-08-21 15:00:00,513130.SH,sell,-2334.87858665555,-2294.7284569755498,0.547452,366700,40.150129680000006,False
2023-08-22 15:00:00,512880.SH,sell,-11436.021201299985,-11395.263299999986,0.984015,207100,40.7579013,False
2023-08-22 15:00:00,159985.SZ,sell,1038.64621008902,1043.64621008902,2.3406569999999998,5600,5.0,False
2023-08-24 15:00:00,159941.SZ,sell,-5228.432858185284,-5186.209523785285,3.324672,63500,42.2233344,False
2023-08-25 15:00:00,511880.SH,sell,-451.80187552000143,-410.2390000000014,129.88398600000002,1600,41.562875520000006,False
2023-08-28 15:00:00,513130.SH,sell,-4008.652270279947,-3967.044199999947,0.553446,375900,41.60807028,False
2023-08-29 15:00:00,512880.SH,sell,6118.756537960008,6162.211000000008,1.021977,212600,43.454462039999996,False
2023-08-30 15:00:00,159985.SZ,sell,3972.8395338416785,3983.6924300816786,2.3696280000000005,22900,10.852896240000002,False
2023-08-30 15:00:00,513500.SH,sell,-388.4032908688251,-377.5632617488251,3.044952,17800,10.84002912,False
2023-08-30 15:00:00,518880.SH,sell,148.7830226034866,159.39196304348658,4.457538,11900,10.60894044,False
2023-09-07 15:00:00,511880.SH,sell,-379.3263775999711,-337.7455999999711,129.93993000000003,1600,41.58077760000001,False
2023-09-08 15:00:00,513500.SH,sell,10.738955524028441,53.737314124028444,3.06693,70100,42.9983586,False
2023-09-14 15:00:00,512880.SH,sell,-8618.663324479963,-8577.209299999964,0.9560430000000001,216800,41.45402448000001,False
2023-09-14 15:00:00,159985.SZ,sell,7275.322118696168,7314.111290696168,2.2817160000000003,85000,38.78917200000001,False
2023-09-14 15:00:00,518880.SH,sell,4864.712368593936,4905.957502173936,4.552442999999999,45300,41.245133579999994,False
2023-09-14 15:00:00,511090.SH,sell,545.4831949524373,584.7442470000374,103.31855802000001,1900,39.2610520476,False
2023-09-14 15:00:00,511880.SH,sell,-397.7561702999757,-358.76549999997565,129.96890100000002,1500,38.990670300000005,False
2023-09-21 15:00:00,511090.SH,sell,-2495.882176214909,-2444.394929999909,102.97449243000001,2500,51.487246215000006,False
2023-09-21 15:00:00,159985.SZ,sell,275.9527012732609,327.2933891932609,2.2737239999999996,112900,51.34068791999999,False
2023-09-21 15:00:00,518880.SH,sell,-67.5496693795998,-16.33189841959979,4.589406,55800,51.21777096000001,False
2023-09-21 15:00:00,511880.SH,sell,-500.19936977992825,-450.80359499992824,129.98888100000002,1900,49.39577478000001,False
2023-09-26 15:00:00,159985.SZ,sell,-207.0726433980435,-189.4718018580435,2.250747,39100,17.60084154,False
2023-09-26 15:00:00,518880.SH,sell,-176.44577066385347,-158.87232170385346,4.5764190000000005,19200,17.573448960000004,False
2023-09-26 15:00:00,511880.SH,sell,-155.6518177200172,-140.05015500001718,130.013856,600,15.601662720000002,False
2023-10-12 15:00:00,518880.SH,sell,-13484.335049693884,-13434.389645093885,4.350644999999999,57400,49.945404599999996,False
2023-10-13 15:00:00,159985.SZ,sell,-9010.35914535347,-8959.50550989347,2.178819,116700,50.85363546,False
2023-10-13 15:00:00,515220.SH,sell,-140.90775999999886,-135.90775999999886,2.3456520000000003,3400,5.0,False
2023-11-02 15:00:00,515220.SH,sell,-15472.116617759933,-15371.854739999933,2.301696,217800,100.26187776,False
2023-11-02 15:00:00,511880.SH,sell,-453.90756193945134,-354.94138717945134,130.21865100000002,3800,98.96617476000002,False
2023-12-12 15:00:00,159992.SZ,sell,-13337.204817539898,-13238.361299999897,0.8481510000000001,582700,98.84351754000001,False
2023-12-13 15:00:00,511090.SH,sell,-45.10871599999888,-40.10871599999888,104.39313237,100,5.0,False
2023-12-13 15:00:00,511880.SH,sell,-12.620780600538524,-7.620780600538524,130.40946000000002,100,5.0,False
2023-12-15 15:00:00,511880.SH,sell,-968.249508251683,-835.2175933316829,130.423446,5100,133.03191492000002,False
2023-12-19 15:00:00,159941.SZ,sell,352.2169629146162,369.1603225946162,3.6203760000000003,23400,16.94335968,False
2023-12-19 15:00:00,511090.SH,sell,113.60551911999909,130.4677599999991,105.3890055,800,16.86224088,False
2023-12-19 15:00:00,511880.SH,sell,-109.11746589313823,-93.46569333313823,130.431438,600,15.651772560000001,False
2023-12-21 15:00:00,159941.SZ,sell,667.5933097427157,677.9659667027157,3.6523440000000003,14200,10.37265696,False
2023-12-21 15:00:00,513500.SH,sell,155.43338710973828,165.65639386973828,3.214782,15900,10.22300676,False
2023-12-21 15:00:00,511090.SH,sell,93.52265011280109,101.96111600000108,105.48082359,400,8.4384658872,False
2023-12-21 15:00:00,511880.SH,sell,-68.35025638209414,-57.91486222209414,130.442427,400,10.435394160000001,False
2023-12-29 15:00:00,511880.SH,sell,-236.8368575328386,-197.7002333328386,130.45541400000002,1500,39.13662420000001,False
2024-01-05 15:00:00,515220.SH,sell,501.26327741935705,506.26327741935705,2.613384,3900,5.0,False
2024-01-09 15:00:00,511090.SH,sell,3670.034621571203,3710.762624000003,107.17895376,1900,40.7280024288,False
2024-01-16 15:00:00,513520.SH,sell,1653.1933641991943,1658.1933641991943,1.522476,10800,5.0,False
2024-01-16 15:00:00,515220.SH,sell,6404.476853629076,6441.7770161290755,2.572425,72500,37.3001625,False
2024-01-17 15:00:00,513520.SH,sell,12169.106205840835,12209.276035800835,1.457541,137800,40.16982996,False
2024-01-22 15:00:00,511090.SH,sell,604.7210454436677,645.7550140000677,107.98412778000001,1900,41.033968556400005,False
2024-01-25 15:00:00,513520.SH,sell,-3087.6955138399567,-3046.2907999999566,1.524474,135800,41.40471384000001,False
2024-01-26 15:00:00,515220.SH,sell,204.93313746955096,209.93313746955096,2.594403,5400,5.0,False
2024-01-29 15:00:00,513030.SH,sell,-2807.149467079973,-2770.732999999973,1.2877109999999998,141400,36.41646708,False
2024-01-31 15:00:00,515220.SH,sell,3145.32535978207,3187.87356898207,2.594403,82000,42.548209199999995,False
2024-01-31 15:00:00,513030.SH,sell,1496.4675657226044,1533.2227737226044,1.3126859999999998,140000,36.755207999999996,False
2024-02-01 15:00:00,513520.SH,sell,-803.2103999999979,-798.2103999999979,1.415583,9400,5.0,False
2024-02-06 15:00:00,513030.SH,sell,-2672.3713409225556,-2630.480473722556,1.27872,163800,41.8908672,False
2024-02-06 15:00:00,159509.SZ,sell,1131.300653846155,1136.300653846155,1.210788,8900,5.0,False
2024-02-23 15:00:00,513520.SH,sell,1037.1216000000006,1042.1216000000006,1.519479,8200,5.0,False
2024-03-01 15:00:00,159941.SZ,sell,16134.254561163267,16175.914779243267,3.908088,53300,41.66021808,False
2024-03-04 15:00:00,159509.SZ,sell,2860.152307692309,2865.152307692309,1.369629,10000,5.0,False
2024-03-05 15:00:00,511090.SH,sell,6906.1419349200105,6952.04290800001,114.7524327,2000,45.90097308000001,False
2024-03-06 15:00:00,159509.SZ,sell,46968.299762861585,47013.878538461584,1.3646340000000001,167000,45.57877560000001,False
2024-03-11 15:00:00,511090.SH,sell,1595.252299321016,1639.266562000016,115.82700704999999,1900,44.014262679,False
2024-03-19 15:00:00,515220.SH,sell,-17179.75298066146,-17138.89148306146,2.6533439999999997,77000,40.8614976,False
2024-03-20 15:00:00,515220.SH,sell,-525.0551169385186,-520.0551169385186,2.6833139999999998,2700,5.0,False
2024-03-21 15:00:00,159611.SZ,sell,623.3477097600264,664.3764000000265,0.9550440000000001,214800,41.02869024,False
2024-03-25 15:00:00,159611.SZ,sell,-1501.7300393810237,-1461.0017684210238,0.9480510000000001,214800,40.72827096000001,False
2024-03-27 15:00:00,159611.SZ,sell,1454.9638433844225,1496.0107553844225,0.9590400000000001,214000,41.046912000000006,False
2024-03-29 15:00:00,159611.SZ,sell,887.1736946366907,929.8126130366907,0.9590400000000001,222300,42.63891840000001,False
2024-04-02 15:00:00,159941.SZ,sell,3801.50223833943,3848.04253145943,4.039955999999999,57600,46.540293119999994,False
2024-04-02 15:00:00,513520.SH,sell,23808.995337819997,23854.507599999997,1.555443,146300,45.51226218,False
2024-04-11 15:00:00,159819.SZ,sell,-13009.124768899934,-12966.336499999934,0.7002990000000001,305500,42.78826890000001,False
2024-04-12 15:00:00,516510.SH,sell,-12309.688306719998,-12266.757999999998,0.853146,251600,42.930306720000004,False
2024-04-17 15:00:00,159819.SZ,sell,-4078.4477201999766,-4036.4099999999767,0.6983010000000001,301000,42.03772020000001,False
2024-04-17 15:00:00,159509.SZ,sell,-15851.389930699977,-15809.062999999978,1.313685,161100,42.3269307,False
2024-04-18 15:00:00,159611.SZ,sell,485.3482000000009,490.3482000000009,1.014984,11400,5.0,False
2024-04-22 15:00:00,513500.SH,sell,13075.029222770307,13117.643206130306,3.4145820000000002,62400,42.613983360000006,False
2024-05-08 15:00:00,159985.SZ,sell,1126.916000000001,1131.916000000001,2.312685,6100,5.0,False
2024-05-13 15:00:00,159755.SZ,sell,14437.092137159992,14481.944399999993,0.601398,372900,44.85226284,False
2024-05-21 15:00:00,159980.SZ,sell,24151.856743080036,24200.431200000035,1.871127,129800,48.574456919999996,False
2024-05-22 15:00:00,513130.SH,sell,-1766.9949739199678,-1722.2336999999677,0.527472,424300,44.76127392000001,False
2024-05-23 15:00:00,159928.SZ,sell,-2259.146953279962,-2213.825599999962,3.608388,62800,45.321353280000004,False
2024-05-27 15:00:00,159611.SZ,sell,7483.170557519985,7528.802399999985,1.005993,226800,45.63184248,False
2024-05-27 15:00:00,159870.SZ,sell,-1843.6127209600052,-1798.7386000000051,0.6073919999999999,369400,44.87412096,False
2024-06-06 15:00:00,518880.SH,sell,-1509.209143199934,-1465.595999999934,5.318676000000001,41000,43.61314320000001,False
2024-06-17 15:00:00,159985.SZ,sell,9882.454386880047,9925.578100000046,2.2297680000000004,96700,43.123713120000005,False
2024-06-18 15:00:00,159980.SZ,sell,-19100.50100699995,-19058.549999999952,1.712286,122500,41.951007000000004,False
2024-06-18 15:00:00,513690.SH,sell,-12751.605469259937,-12708.977399999938,0.8481510000000001,251300,42.62806926000001,False
2024-06-19 15:00:00,511880.SH,sell,-456.2414572799755,-414.2207999999755,131.31455400000002,1600,42.02065728,False
2024-06-21 15:00:00,513130.SH,sell,-4673.5333912999795,-4629.268999999979,0.504495,438700,44.2643913,False
2024-06-25 15:00:00,159980.SZ,sell,-832.967419739993,-790.669499999993,1.729269,122300,42.297919740000005,False
2024-06-27 15:00:00,512710.SH,sell,-4429.513611079994,-4387.047199999994,1.072926,197900,42.46641108000001,False
2024-07-15 15:00:00,159941.SZ,sell,6305.315890720014,6349.882000000014,4.483512,49700,44.566109280000006,False
2024-07-15 15:00:00,159509.SZ,sell,-4630.374951279986,-4588.148499999986,1.674324,126100,42.22645128,False
2024-07-18 15:00:00,511090.SH,sell,-624.7230710611822,-580.5435559999821,116.26188173999999,1900,44.1795150612,False
2024-07-18 15:00:00,511880.SH,sell,-458.2407811199756,-416.18399999997564,131.42744100000002,1600,42.05678112000001,False
2024-07-25 15:00:00,159611.SZ,sell,249.43829484536275,254.43829484536275,1.060938,12600,5.0,False
2024-07-26 15:00:00,159509.SZ,sell,-25265.473508700034,-25226.221500000032,1.4635349999999998,134100,39.2520087,False
2024-07-30 15:00:00,515050.SH,sell,-5260.655430359948,-5218.4879999999475,0.9680310000000001,217800,42.167430360000004,False
2024-08-01 15:00:00,159509.SZ,sell,2158.9419384000066,2201.2380000000067,1.532466,138000,42.29606160000001,False
2024-08-05 15:00:00,159941.SZ,sell,-16243.362382960013,-16202.346400000013,4.159835999999999,49300,41.015982959999995,False
2024-08-05 15:00:00,159611.SZ,sell,-3809.5534911653353,-3768.5108948453353,1.021977,200800,41.042596319999994,False
2024-08-05 15:00:00,513500.SH,sell,84.37254144003386,124.71360000003386,3.8201760000000005,52800,40.34105856000001,False
2024-08-05 15:00:00,159995.SZ,sell,1013.6005778971554,1053.8353428571554,0.883116,227800,40.23476496,False
2024-08-05 15:00:00,511090.SH,sell,-15.456047270991164,20.24494500000884,119.00330757,1500,35.700992271000004,False
2024-08-06 15:00:00,513500.SH,sell,-708.8751999999982,-703.8751999999982,3.5664300000000004,2800,5.0,False
2024-08-06 15:00:00,159995.SZ,sell,-439.60644285714216,-434.60644285714216,0.843156,12300,5.0,False
2024-08-22 15:00:00,511090.SH,sell,-2527.0030851659176,-2491.3801887209174,118.74298815,1500,35.622896445,False
2024-08-22 15:00:00,511880.SH,sell,-314.12818137996896,-279.923799999969,131.555313,1300,34.20438138,False
2024-10-16 15:00:00,518880.SH,sell,4427.125244640015,4446.590400000015,5.793201,16800,19.46515536,False
2024-10-16 15:00:00,511090.SH,sell,312.8305231674366,329.7530209302366,120.87498402,700,16.9224977628,False
2024-10-16 15:00:00,511880.SH,sell,7.0424114600310475,25.495400000031054,131.80706100000003,700,18.452988540000007,False
2024-10-21 15:00:00,511880.SH,sell,-145.98655623998832,-95.93289999998831,131.720148,1900,50.05365624,False
2024-10-21 15:00:00,512880.SH,sell,4139.02795928981,4152.317876069809,1.167831,56900,13.28991678,False
2024-10-21 15:00:00,518880.SH,sell,3725.0321199000155,3735.8412000000153,5.939055000000001,9100,10.809080100000001,False
2024-10-21 15:00:00,511090.SH,sell,270.3582676944242,280.04658967442424,121.10402475000001,400,9.688321980000001,False
2024-10-22 15:00:00,511090.SH,sell,1221.0501153241153,1262.2398921163153,121.14640233000002,1700,41.18977679220001,False
2024-10-23 15:00:00,518880.SH,sell,17409.46338996006,17452.86990000006,6.011982000000001,36100,43.40651004000001,False
2024-10-23 15:00:00,563300.SH,sell,1086.2400947200354,1129.3117000000354,0.9670320000000001,222700,43.07160528000001,False
2024-10-24 15:00:00,513970.SH,sell,4153.151432960064,4196.9006000000645,0.855144,255800,43.74916704,False
2024-10-30 15:00:00,159755.SZ,sell,499.88122170004635,543.2595000000464,0.6663330000000001,325500,43.378278300000005,False
2024-10-31 15:00:00,512880.SH,sell,6761.144793010224,6802.752223930224,1.131867,183800,41.60743092,False
2024-11-01 15:00:00,516510.SH,sell,6414.97157742004,6459.52440000004,1.097901,202900,44.552822580000004,False
2024-11-04 15:00:00,159995.SZ,sell,-3804.6484204199774,-3762.3311999999773,1.1418570000000001,185300,42.317220420000005,False
2024-11-04 15:00:00,159819.SZ,sell,-6887.5532569999905,-6845.851999999991,0.844155,247000,41.701257000000005,False
2024-11-05 15:00:00,562500.SH,sell,13196.806774400005,13241.936000000005,0.7422570000000001,304000,45.129225600000005,False
2024-11-07 15:00:00,515790.SH,sell,-2979.1327826999805,-2934.6599999999803,0.894105,248700,44.4727827,False
2024-11-07 15:00:00,159915.SZ,sell,5611.467375540031,5655.838500000031,2.220777,99900,44.37112446,False
2024-11-12 15:00:00,513130.SH,sell,8089.100952240023,8133.648600000022,0.626373,355600,44.547647760000004,False
2024-11-13 15:00:00,515030.SH,sell,30520.23020024008,30568.821800000078,1.3626360000000002,178300,48.59159976000001,False
2024-11-13 15:00:00,159755.SZ,sell,29905.682525000022,29954.15900000002,0.74925,323500,48.476475,False
2024-11-14 15:00:00,588220.SH,sell,-901.4892887199672,-858.5409999999672,1.002996,214100,42.94828872,False
2024-11-14 15:00:00,563300.SH,sell,2242.2656531400094,2288.112900000009,1.085913,211100,45.84724686,False
2024-11-15 15:00:00,562500.SH,sell,-1649.7883435399576,-1604.7169999999576,0.782217,288100,45.07134354,False
2024-11-15 15:00:00,515000.SH,sell,-7328.939331199961,-7284.015499999961,1.369629,164000,44.9238312,False
2024-11-18 15:00:00,515790.SH,sell,-13692.849149659965,-13649.202499999965,0.8501489999999999,256700,43.646649659999994,False
2024-11-20 15:00:00,159992.SZ,sell,1657.8551207999965,1701.8318999999965,0.7192799999999999,305700,43.976779199999996,False
2024-11-20 15:00:00,513130.SH,sell,1261.3327909800457,1307.4576000000457,0.592407,389300,46.12480902000001,False
2024-11-20 15:00:00,515210.SH,sell,-1000.4212775799418,-955.0242999999418,1.361637,166700,45.396977580000005,False
2024-11-22 15:00:00,512170.SH,sell,-4333.884827999969,-4289.1575999999695,1.04895,213200,44.727228000000004,False
2024-11-22 15:00:00,512710.SH,sell,-841.1421198399622,-796.1469999999622,1.302696,172700,44.99511984000001,False
2024-11-25 15:00:00,515790.SH,sell,-10531.273302799951,-10488.21919999995,0.814185,264400,43.05410280000001,False
2024-11-25 15:00:00,516160.SH,sell,-13852.164383547773,-13808.990501647573,0.6577373842199999,328200,43.1738819002008,False
2024-11-27 15:00:00,159755.SZ,sell,-4269.218988059965,-4226.1101999999655,0.6823170000000001,315900,43.10878806,False
2024-11-28 15:00:00,512710.SH,sell,213.12547776004442,257.11920000004443,1.262736,174200,43.993722240000004,False
2024-11-28 15:00:00,515050.SH,sell,328.456772700023,372.485400000023,1.083915,203100,44.028627300000004,False
2024-11-28 15:00:00,515000.SH,sell,-6565.600911999944,-6521.756799999945,1.2987,168800,43.844112,False
2024-11-29 15:00:00,515030.SH,sell,-4187.541048600018,-4145.232000000018,1.251747,169000,42.3090486,False
2024-12-02 15:00:00,588220.SH,sell,2538.2629088000385,2581.9280000000385,0.9410580000000001,232000,43.665091200000006,False
2024-12-02 15:00:00,562500.SH,sell,8331.599758320017,8376.433200000018,0.788211,284400,44.83344168,False
2024-12-02 15:00:00,159915.SZ,sell,251.81150000000173,256.81150000000173,2.1768210000000003,5500,5.0,False
2024-12-04 15:00:00,159755.SZ,sell,-14.958183699963335,29.71340000003667,0.6943050000000001,321700,44.671583700000006,False
2024-12-05 15:00:00,515030.SH,sell,-2759.665385719998,-2715.615199999998,1.260738,174700,44.05018572,False
2024-12-05 15:00:00,159819.SZ,sell,-474.1649101799909,-431.0981999999909,0.896103,240300,43.06671018,False
2024-12-06 15:00:00,563300.SH,sell,781.0825000000019,786.0825000000019,1.104894,10500,5.0,False
2024-12-12 15:00:00,159995.SZ,sell,-2200.905755879974,-2159.3831999999743,1.1918069999999998,174200,41.52255588,False
2024-12-16 15:00:00,516510.SH,sell,3973.210755780084,4017.801900000084,1.1498490000000001,193900,44.591144220000004,False
2024-12-16 15:00:00,159995.SZ,sell,-3714.5120105201936,-3673.7650982201935,1.1838149999999998,172100,40.7469123,False
2024-12-17 15:00:00,159819.SZ,sell,-131.9872999999992,-126.98729999999922,0.907092,9900,5.0,False
2024-12-18 15:00:00,563300.SH,sell,8862.918523500031,8906.498400000031,1.073925,202900,43.579876500000005,False
2024-12-19 15:00:00,512880.SH,sell,-3201.9097344799425,-3157.7683999999426,1.200798,183800,44.141334480000005,False
2024-12-20 15:00:00,159995.SZ,sell,8925.101839660292,8971.436898220292,1.216782,190400,46.33505856,False
2024-12-24 15:00:00,159851.SZ,sell,-5000.991908499971,-4958.442999999971,1.503495,141500,42.5489085,False
2024-12-24 15:00:00,562500.SH,sell,-7383.722151479994,-7341.395999999994,0.796203,265800,42.32615148,False
2024-12-24 15:00:00,563300.SH,sell,-10988.203834099968,-10946.679499999967,1.045953,198500,41.5243341,False
2024-12-26 15:00:00,159941.SZ,sell,-50.217853982297825,-45.217853982297825,5.038956000000001,2500,5.0,False
2024-12-27 15:00:00,511090.SH,sell,-644.0226826848168,-603.1590720000167,127.69878338999999,1600,40.8636106848,False
2024-12-27 15:00:00,511880.SH,sell,-452.29883327999,-410.05439999999,132.013854,1600,42.24443328,False
2024-12-27 15:00:00,159819.SZ,sell,5476.587837600006,5520.781200000007,0.9670320000000001,228500,44.19336240000001,False
2025-01-02 15:00:00,159851.SZ,sell,-10455.39564684002,-10414.223700000019,1.432566,143700,41.171946840000004,False
2025-01-06 15:00:00,562500.SH,sell,-20032.15211887999,-19992.790399999987,0.733266,268400,39.361718880000005,False
2025-01-06 15:00:00,563300.SH,sell,-20073.230359199926,-20033.928899999926,0.9590400000000001,204900,39.30145920000001,False
2025-01-06 15:00:00,159941.SZ,sell,-4150.664228594654,-4110.726606194654,4.95504,40300,39.93762240000001,False
2025-01-06 15:00:00,513500.SH,sell,-10038.511585199958,-9998.536799999958,4.335660000000001,46100,39.97478520000001,False
2025-01-06 15:00:00,511090.SH,sell,-233.3197495299672,-196.4441919999672,131.69841975,1400,36.87555753,False
2025-01-09 15:00:00,511880.SH,sell,-474.7103890420062,-424.5116800000062,132.1018659,1900,50.198709042000004,False
2025-01-09 15:00:00,159941.SZ,sell,-754.8613537534987,-745.0163286334988,5.022972,9800,9.84502512,False
2025-01-09 15:00:00,511090.SH,sell,-372.4289977094374,-361.9129810526374,131.45020820999997,400,10.516016656799998,False
2025-01-09 15:00:00,513500.SH,sell,-667.562678400006,-657.411240000006,4.37562,11600,10.1514384,False
2025-01-17 15:00:00,513500.SH,sell,-2392.184737920053,-2351.523360000053,4.381613999999999,46400,40.66137791999999,False
2025-01-22 15:00:00,513030.SH,sell,755.8704926365817,760.8704926365817,1.724274,6700,5.0,False
2025-02-06 15:00:00,513030.SH,sell,1953.5805930434378,1992.5073073634378,1.627371,119600,38.92671432,False
2025-02-06 15:00:00,511090.SH,sell,21.557854315791474,26.557854315791474,132.54798933,100,5.0,False
2025-02-10 15:00:00,518880.SH,sell,93.85090279997968,134.51299999997968,6.41358,31700,40.6620972,False
2025-02-10 15:00:00,159509.SZ,sell,-5484.043607279987,-5444.470499999987,1.594404,124100,39.573107279999995,False
2025-02-11 15:00:00,513520.SH,sell,-1530.042898319992,-1489.701599999992,1.4875109999999998,135600,40.34129832,False
2025-02-12 15:00:00,159941.SZ,sell,-8782.777218389481,-8743.22401118948,4.883112,40500,39.5532072,False
2025-02-17 15:00:00,513520.SH,sell,-616.7278874399782,-576.1958999999782,1.482516,136700,40.53198744,False
2025-02-19 15:00:00,513030.SH,sell,1236.1287043165498,1241.1287043165498,1.7742240000000002,7900,5.0,False
2025-02-24 15:00:00,511090.SH,sell,-2810.0003245441367,-2770.8697752631365,130.43516427,1500,39.13054928100001,False
2025-02-25 15:00:00,515050.SH,sell,-200.4315999999996,-195.4315999999996,1.272726,11800,5.0,False
2025-02-27 15:00:00,513130.SH,sell,987.6532000000019,992.6532000000019,0.803196,15400,5.0,False
2025-03-03 15:00:00,513030.SH,sell,2802.2083876034635,2840.6817956834634,1.641357,117200,38.47340808,False
2025-03-03 15:00:00,513130.SH,sell,1128.1658601600345,1166.5476000000344,0.743256,258200,38.38173984,False
2025-03-03 15:00:00,562500.SH,sell,-12824.664511679981,-12788.09279999998,0.943056,193900,36.57171168000001,False
2025-03-06 15:00:00,511090.SH,sell,-425.19498503692193,-386.08017599992195,130.38269679,1500,39.11480903700001,False
2025-03-06 15:00:00,511880.SH,sell,-412.5662090699682,-372.88499999996816,132.27069690000002,1500,39.68120907000001,False
2025-03-06 15:00:00,513080.SH,sell,3599.791648960031,3640.959400000031,1.649349,124800,41.16775104,False
2025-03-07 15:00:00,159985.SZ,sell,-7239.1993629799545,-7200.880699999954,1.9610370000000001,97700,38.318662980000006,False
2025-03-07 15:00:00,518880.SH,sell,81.6163863000319,121.96230000003192,6.528465,30900,40.345913700000004,False
2025-03-14 15:00:00,562500.SH,sell,-9997.040673879965,-9959.232399999964,0.9480510000000001,199400,37.80827388000001,False
2025-03-19 15:00:00,159819.SZ,sell,-6183.967795199938,-6145.401599999938,1.03896,185600,38.56619520000001,False
2025-03-19 15:00:00,513030.SH,sell,311.298700000001,316.298700000001,1.782216,5700,5.0,False
2025-03-24 15:00:00,516510.SH,sell,-21625.60280868,-21590.127,1.220778,145300,35.47580868,False
2025-03-25 15:00:00,513030.SH,sell,434.38480000000186,439.38480000000186,1.8011970000000002,5900,5.0,False
2025-03-26 15:00:00,513130.SH,sell,-17104.44174263999,-17068.06079999999,0.741258,245400,36.38094264,False
2025-03-26 15:00:00,515030.SH,sell,-1073.637291999984,-1038.364599999984,1.2986999999999997,135800,35.27269199999999,False
2025-03-27 15:00:00,511880.SH,sell,-32.99951999999735,-27.999519999997347,132.3576099,100,5.0,False
2025-04-01 15:00:00,562500.SH,sell,-16719.89599799998,-16684.12979999998,0.8991,198900,35.766198,False
2025-04-01 15:00:00,513030.SH,sell,-2048.737469519972,-2013.362399999972,1.7072910000000001,103600,35.375069520000004,False
2025-04-01 15:00:00,159755.SZ,sell,-4793.955767359946,-4757.919199999946,0.6973020000000001,258400,36.03656736000001,False
2025-04-03 15:00:00,588220.SH,sell,-7243.991892000035,-7207.920000000035,1.0019969999999998,180000,36.07189199999999,False
2025-04-07 15:00:00,562500.SH,sell,-2416.7800114799793,-2381.1071999999795,0.882117,202200,35.67281148000001,False
2025-04-08 15:00:00,515210.SH,sell,-16148.73923303995,-16116.244799999951,1.2977010000000002,125200,32.494433040000004,False
2025-04-09 15:00:00,520500.SH,sell,-34968.00510719995,-34938.941399999945,1.1008980000000002,132000,29.063707200000007,False
2025-04-09 15:00:00,513130.SH,sell,-31946.188499859967,-31915.57899999997,0.620379,246700,30.60949986,False
2025-04-09 15:00:00,513970.SH,sell,-16761.00861339997,-16728.654399999967,0.8291700000000001,195100,32.354213400000006,False
2025-04-11 15:00:00,518880.SH,sell,686.668628162488,695.686241522488,7.156835999999999,6300,9.017613359999999,False
2025-04-11 15:00:00,159928.SZ,sell,425.39384526260864,433.27643478260865,3.368628,11700,7.882589520000001,False
2025-04-11 15:00:00,512690.SH,sell,305.2571463982753,313.24415139827533,1.94805,20500,7.987005000000001,False
2025-04-11 15:00:00,511880.SH,sell,-85.35519461399541,-77.41175999999541,132.3905769,300,7.943434614000001,False
2025-04-14 15:00:00,511880.SH,sell,-333.0308567759885,-301.25543999998854,132.3975699,1200,31.775416776000007,False
2025-04-17 15:00:00,159992.SZ,sell,-584.5766726199893,-552.2016999999893,0.7102890000000001,227900,32.37497262000001,False
2025-04-22 15:00:00,518880.SH,sell,932.8129425605547,937.8129425605547,7.716276000000001,1400,5.0,False
2025-04-23 15:00:00,511880.SH,sell,-339.10549053594684,-307.3238399999468,132.42354390000003,1200,31.781650536000008,False
2025-04-24 15:00:00,518880.SH,sell,9425.348015916952,9457.116215916953,7.4925,21200,31.7682,False
2025-04-24 15:00:00,520500.SH,sell,914.3800000000008,919.3800000000008,1.314684,8800,5.0,False
2025-04-28 15:00:00,512690.SH,sell,-2417.510475558228,-2385.826351398228,1.904094,83200,31.684124160000003,False
2025-04-28 15:00:00,520500.SH,sell,13859.388299520024,13889.178000000024,1.334664,111600,29.78970048,False
2025-04-28 15:00:00,159928.SZ,sell,-2360.0747286956566,-2332.2226086956566,3.27672,42500,27.852120000000003,False
2025-04-28 15:00:00,159611.SZ,sell,2878.522024869561,2908.557659169561,0.9720270000000001,154500,30.035634300000005,False
2025-04-28 15:00:00,511880.SH,sell,-307.11606513136286,-277.98002833336284,132.43653089999998,1100,29.136036798,False
2025-05-08 15:00:00,520500.SH,sell,-3861.487924020012,-3829.364100000012,1.2717269999999998,126300,32.123824019999994,False
2025-05-08 15:00:00,518880.SH,sell,4051.690551880008,4084.489600000008,7.663329,21400,32.79904812,False
2025-05-08 15:00:00,159928.SZ,sell,-91.28517634659096,-59.23885474659096,3.27672,48900,32.046321600000006,False
2025-05-08 15:00:00,159611.SZ,sell,-2427.5260152720607,-2396.1563163720607,0.9640350000000001,162700,31.369698900000003,False
2025-05-08 15:00:00,511880.SH,sell,-286.8669946657652,-257.72480402776523,132.4645029,1100,29.142190638000006,False
2025-05-16 15:00:00,518880.SH,sell,-13318.020663355306,-13281.052788235305,7.054937999999999,26200,36.967875119999995,False
2025-05-19 15:00:00,159928.SZ,sell,-178.96456966035794,-137.72417134035794,3.288708,62700,41.240398320000004,False
2025-05-30 15:00:00,518880.SH,sell,806.5945185882392,820.5965025882392,7.2927,9600,14.001984,False
2025-05-30 15:00:00,159611.SZ,sell,572.0507488019473,585.6591268019473,0.97902,69500,13.608378,False
2025-05-30 15:00:00,511880.SH,sell,-116.74579509971367,-103.49225190971367,132.53543190000002,500,13.253543190000004,False
2025-06-04 15:00:00,520500.SH,sell,324.674801410913,333.078709090913,1.4195790000000001,29600,8.403907680000001,False
2025-06-04 15:00:00,518880.SH,sell,1570.8401877176543,1579.8048141176544,7.470522000000001,6000,8.964626400000002,False
2025-06-04 15:00:00,159611.SZ,sell,-68.52518298883747,-60.96674898883747,0.96903,39000,7.558434,False
2025-06-04 15:00:00,511880.SH,sell,-64.35431591982923,-56.40105114582923,132.55441290000002,300,7.953264774000002,False
2025-06-09 15:00:00,511880.SH,sell,-238.2402998393132,-206.4234045833132,132.57039690000002,1200,31.81689525600001,False
2025-06-09 15:00:00,159611.SZ,sell,-466.56645027051286,-433.78892061051283,0.968031,169300,32.77752966,False
2025-06-10 15:00:00,518880.SH,sell,4027.4161835294376,4059.7957715294374,7.392600000000001,21900,32.379588000000005,False
2025-06-10 15:00:00,520500.SH,sell,1182.9014704545455,1187.9014704545455,1.551447,8300,5.0,False
2025-06-13 15:00:00,520500.SH,sell,1823.1119500000002,1828.1119500000002,1.685313,6600,5.0,False
2025-06-18 15:00:00,520500.SH,sell,13073.474886054539,13104.459470454538,1.53846,100700,30.9845844,False
2025-06-23 15:00:00,513030.SH,sell,-6211.23466249997,-6179.32909999997,1.823175,87500,31.905562500000002,False
2025-06-30 15:00:00,159992.SZ,sell,-7103.562991839975,-7071.626799999975,0.7812180000000001,204400,31.936191840000003,False
2025-07-01 15:00:00,159509.SZ,sell,548.319700000001,553.319700000001,1.655343,5900,5.0,False
2025-07-02 15:00:00,159851.SZ,sell,-4337.659898639999,-4308.627599999999,1.627371,89200,29.03229864,False
2025-07-03 15:00:00,159941.SZ,sell,5118.818355200007,5153.139200000007,4.87512,35200,34.320844799999996,False
2025-07-14 15:00:00,159851.SZ,sell,710.1992958254293,715.1992958254293,1.7372610000000002,5400,5.0,False
2025-07-18 15:00:00,513690.SH,sell,2946.7071737500673,2982.095500000067,1.0614374999999998,166700,35.38832625,False
2025-07-18 15:00:00,520500.SH,sell,2093.3712000000014,2098.3712000000014,1.862136,6800,5.0,False
2025-07-24 15:00:00,512710.SH,sell,-2992.632975199974,-2956.843999999974,1.3786200000000002,129800,35.7889752,False
2025-07-31 15:00:00,515050.SH,sell,1940.7930880000013,1945.7930880000013,1.3926060000000002,8200,5.0,False
2025-08-04 15:00:00,520500.SH,sell,40065.71417564002,40104.09140000003,1.964034,97700,38.37722436,False
2025-08-06 15:00:00,159915.SZ,sell,201.13577360002236,238.17230000002237,2.31768,79900,37.03652640000001,False
2025-08-11 15:00:00,159992.SZ,sell,992.5014070400356,1028.1128000000356,0.9010980000000001,197600,35.61139296,False
2025-08-13 15:00:00,159851.SZ,sell,12956.695621134599,12993.835404174599,1.732266,107200,37.139783040000005,False
2025-08-14 15:00:00,515050.SH,sell,2464.4219440000006,2469.4219440000006,1.5294690000000002,6600,5.0,False
2025-08-19 15:00:00,159509.SZ,sell,32306.11929912003,32344.10040000003,1.8821160000000001,100900,37.98110088,False
2025-08-21 15:00:00,515050.SH,sell,58326.89362956001,58368.073968000004,1.612386,127700,41.18033844000001,False
2025-08-26 15:00:00,520500.SH,sell,12105.807641425754,12144.322587925753,2.072925,92900,38.51494650000001,False
2025-08-28 15:00:00,520500.SH,sell,-7601.2777964256875,-7562.724887925688,1.9730249999999998,97700,38.5529085,False
2025-09-01 15:00:00,159915.SZ,sell,3787.2447398204595,3824.7959510204596,2.8621350000000003,65600,37.551211200000004,False
2025-09-02 15:00:00,159819.SZ,sell,46253.12799688001,46300.35760000001,1.496502,157800,47.22960312000001,False
2025-09-03 15:00:00,516510.SH,sell,37847.271567040014,37892.233600000014,1.610388,139600,44.96203296,False
2025-09-03 15:00:00,515000.SH,sell,27512.690366119976,27558.730399999975,1.8761219999999998,122700,46.040033879999996,False
2025-09-05 15:00:00,588220.SH,sell,-18733.81536695995,-18691.884299999947,1.226772,170900,41.931066959999995,False
2025-09-05 15:00:00,520500.SH,sell,-8138.875167899941,-8096.485499999941,2.008989,105500,42.3896679,False
2025-09-05 15:00:00,562800.SH,sell,13334.889517839978,13376.905299999979,0.7152839999999999,293700,42.01578216,False
2025-09-05 15:00:00,159995.SZ,sell,-17926.575512999992,-17885.729399999993,1.473525,138600,40.846113,False
2025-09-05 15:00:00,159915.SZ,sell,-12955.28237044033,-12912.464651020331,2.7482490000000004,77900,42.81771942000001,False
2025-09-10 15:00:00,515030.SH,sell,4866.927839019995,4909.843899999995,1.649349,130100,42.91606098,False
2025-09-10 15:00:00,159755.SZ,sell,-2698.6746361199785,-2656.6727999999785,0.9400590000000001,223400,42.00183612000001,False
2025-09-10 15:00:00,515790.SH,sell,-5055.405013999972,-5014.459999999972,0.890109,230000,40.945014,False
2025-09-10 15:00:00,159870.SZ,sell,5955.24321308003,5998.39310000003,0.7052940000000001,305900,43.14988692000001,False
2025-09-10 15:00:00,516160.SH,sell,-3359.960587748237,-3318.0990679437846,0.781873735608,267700,41.86151980445232,False
2025-09-12 15:00:00,588220.SH,sell,7129.28245456003,7172.65360000003,1.312686,165200,43.37114544,False
2025-09-23 15:00:00,562800.SH,sell,-1584.2953661599663,-1542.6631999999663,0.740259,281200,41.632166160000004,False
2025-09-25 15:00:00,159995.SZ,sell,26328.04402536005,26376.48090000005,1.8501480000000001,130900,48.436874640000006,False
2025-09-25 15:00:00,159915.SZ,sell,20262.688409600058,20308.652000000056,3.1568400000000003,72800,45.96359040000001,False
2025-09-26 15:00:00,515000.SH,sell,30047.47683236,30095.4212,2.071926,115700,47.94436764,False
2025-09-29 15:00:00,516510.SH,sell,16259.449499640028,16304.643900000028,1.6603379999999999,136100,45.194400359999996,False
2025-09-30 15:00:00,159755.SZ,sell,16270.425098719983,16318.495699999983,1.0749239999999998,223600,48.07060127999999,False
2025-10-09 15:00:00,562800.SH,sell,8967.220623040008,9013.537300000007,0.807192,286900,46.31667696,False
2025-10-10 15:00:00,515000.SH,sell,299.5720000000045,304.5720000000045,2.101896,8500,5.0,False
2025-10-13 15:00:00,515030.SH,sell,3759.9248217600266,3807.259200000027,1.8261720000000001,129600,47.33437824000001,False
2025-10-13 15:00:00,588220.SH,sell,-4199.14919059998,-4153.3855999999805,1.363635,167800,45.7635906,False
2025-10-13 15:00:00,515790.SH,sell,-1222.6091675999944,-1175.2241999999944,0.93906,252300,47.3849676,False
2025-10-13 15:00:00,516510.SH,sell,-9898.523215499978,-9857.279999999977,1.617381,127500,41.2432155,False
2025-10-13 15:00:00,516160.SH,sell,4723.442607589277,4771.001034828005,0.8553673963799999,278000,47.558427238728,False
2025-10-15 15:00:00,562500.SH,sell,-10396.492481659916,-10351.878799999917,1.007991,221300,44.613681660000005,False
2025-10-16 15:00:00,159509.SZ,sell,2243.7270436000726,2290.8235000000727,2.0839140000000005,113000,47.096456400000015,False
2025-10-17 15:00:00,563360.SH,sell,-1365.4033912999619,-1319.041099999962,1.229769,188500,46.362291299999995,False
2025-10-17 15:00:00,161226.SZ,sell,904.5177610753954,909.5177610753954,1.444554,10200,5.0,False
2025-10-20 15:00:00,515790.SH,sell,-11119.283152639993,-11077.117999999993,0.911088,231400,42.16515264,False
2025-10-20 15:00:00,518880.SH,sell,422.2632000000041,427.2632000000041,9.558432000000002,1400,5.0,False
2025-10-20 15:00:00,159870.SZ,sell,-14803.148625040001,-14759.457400000001,0.683316,319700,43.691225040000006,False
2025-10-20 15:00:00,516160.SH,sell,-10129.545330894503,-10087.176556608216,0.8207821442519999,258100,42.36877428628824,False
2025-10-21 15:00:00,161226.SZ,sell,1604.861868984652,1648.8079389246518,1.365633,160900,43.94606994000001,False
2025-10-23 15:00:00,562800.SH,sell,-1627.8409547399697,-1582.5809999999697,0.802197,282100,45.259954740000005,False
2025-10-23 15:00:00,518880.SH,sell,-9007.006355599962,-8967.001999999962,9.091899000000002,22000,40.004355600000004,False
2025-10-23 15:00:00,515000.SH,sell,9659.371088079986,9706.891599999986,1.962036,121100,47.52051192,False
2025-10-23 15:00:00,159819.SZ,sell,796.7247999999989,801.7247999999989,1.4715269999999998,9200,5.0,False
2025-10-24 15:00:00,159915.SZ,sell,9093.964593559993,9141.370699999992,3.0349619999999997,78100,47.40610644,False
2025-10-28 15:00:00,159819.SZ,sell,29017.797648839998,29066.6376,1.571427,155400,48.83995116,False
2025-11-03 15:00:00,159995.SZ,sell,405.8534547000515,451.6623000000515,1.763235,129900,45.80884530000001,False
2025-11-03 15:00:00,515050.SH,sell,7887.804131199993,7935.087999999993,2.110887,112000,47.2838688,False
2025-11-05 15:00:00,161226.SZ,sell,309.43999999999807,314.43999999999807,1.2937049999999999,10000,5.0,False
2025-11-06 15:00:00,161226.SZ,sell,5663.243034399965,5710.230399999965,1.2937049999999999,181600,46.9873656,False
2025-11-10 15:00:00,516160.SH,sell,1485.1091488360014,1490.1091488360014,0.952020824202,13200,5.0,False
2025-11-11 15:00:00,515050.SH,sell,-7729.522738339998,-7684.745899999998,2.074923,107900,44.776838340000005,False
2025-11-13 15:00:00,515790.SH,sell,876.3636450000902,924.9600000000902,1.0339650000000002,235000,48.59635500000001,False
2025-11-13 15:00:00,159326.SZ,sell,-5701.23558199195,-5660.06719159195,1.502496,137000,41.16839040000001,False
2025-11-18 15:00:00,159326.SZ,sell,-10108.737388887947,-10061.445208407946,1.470528,160800,47.292180480000006,False
2025-11-18 15:00:00,159755.SZ,sell,504.8257000000019,509.8257000000019,1.136862,10900,5.0,False
2025-11-19 15:00:00,515030.SH,sell,14269.118810800024,14317.681000000024,1.88811,128600,48.5621892,False
2025-11-19 15:00:00,159755.SZ,sell,126.83276424002642,172.89090000002642,1.090908,211100,46.05813576,False
2025-11-24 15:00:00,562800.SH,sell,-11979.48549629995,-11935.925399999951,0.834165,261100,43.560096300000005,False
2025-11-24 15:00:00,515790.SH,sell,-17651.947256159943,-17609.505899999942,0.927072,228900,42.441356160000005,False
2025-11-24 15:00:00,159326.SZ,sell,-15236.944531120003,-15194.038600000003,1.3526459999999998,158600,42.90593112,False
2025-11-24 15:00:00,516160.SH,sell,3363.1728981871656,3407.355063705655,0.8522794274400001,259200,44.182165518489604,False
2025-11-25 15:00:00,515220.SH,sell,-137.6483999999991,-132.6483999999991,2.5014959999999995,5300,5.0,False
2025-11-26 15:00:00,161226.SZ,sell,-386.0014352313143,-381.0014352313143,1.421577,10300,5.0,False
2025-11-27 15:00:00,159941.SZ,sell,7408.956025119944,7454.855199999944,5.766227999999999,39800,45.89917488,False
2025-11-27 15:00:00,513500.SH,sell,4795.355496320017,4840.726400000017,4.889106,46400,45.370903680000005,False
2025-11-27 15:00:00,518880.SH,sell,3401.8335549999965,3446.8434999999963,9.001989,25000,45.009945,False
2025-12-02 15:00:00,513520.SH,sell,1617.5067859999963,1662.2479999999962,1.826172,122500,44.741214,False
2025-12-02 15:00:00,161226.SZ,sell,1970.876174377226,1975.876174377226,1.615383,12600,5.0,False
2025-12-03 15:00:00,159326.SZ,sell,2312.7383680800217,2359.1400000000217,1.392606,166600,46.40163192000001,False
2025-12-04 15:00:00,516160.SH,sell,-2322.3402801443012,-2276.8644100383985,0.8532058181219999,266500,45.475870105902594,False
2025-12-09 15:00:00,161226.SZ,sell,1938.259842704628,1943.259842704628,1.732266,7100,5.0,False
2025-12-12 15:00:00,562800.SH,sell,2780.62752000005,2828.10000000005,0.863136,275000,47.472480000000004,False
2025-12-12 15:00:00,161226.SZ,sell,5951.1946174377235,5956.1946174377235,1.935063,12500,5.0,False
2025-12-16 15:00:00,159941.SZ,sell,-4916.9435515199875,-4868.463599999987,5.650344,42900,48.47995152,False
2025-12-17 15:00:00,161226.SZ,sell,3733.2767580071195,3738.2767580071195,2.024973,6600,5.0,False
2025-12-18 15:00:00,161226.SZ,sell,91747.10671580468,91800.32654270467,2.2267710000000003,119500,53.21982690000001,False
2025-12-31 15:00:00,159870.SZ,sell,1331.7855421723323,1336.7855421723323,0.8251740000000001,19000,5.0,False
2025-12-31 15:00:00,513500.SH,sell,-3467.837379839977,-3417.107999999977,4.8591359999999995,52200,50.72937984,False
2025-12-31 15:00:00,159980.SZ,sell,7590.430938240016,7641.158400000016,1.9940039999999999,127200,50.727461760000004,False
2025-12-31 15:00:00,518880.SH,sell,1063.737297240024,1112.4258000000239,9.291699,26200,48.68850276,False
2025-12-31 15:00:00,159509.SZ,sell,5081.345738800048,5131.034800000048,2.28771,108600,49.689061200000005,False
2025-12-31 15:00:00,159870.SZ,sell,21181.21126470769,21232.34695782769,0.823176,310600,51.13569312,False
