date,value,month
2014-09-03,1000000.0,2014-09
2014-09-04,1000000.0,2014-09
2014-09-05,1000000.0,2014-09
2014-09-09,1000000.0,2014-09
2014-09-10,1000000.0,2014-09
2014-09-11,1000000.0,2014-09
2014-09-12,1000000.0,2014-09
2014-09-15,1000000.0,2014-09
2014-09-16,1000000.0,2014-09
2014-09-17,1000000.0,2014-09
2014-09-18,1000000.0,2014-09
2014-09-19,1000000.0,2014-09
2014-09-22,1000000.0,2014-09
2014-09-23,1000000.0,2014-09
2014-09-24,1000000.0,2014-09
2014-09-25,1000000.0,2014-09
2014-09-26,1000000.0,2014-09
2014-09-29,1000000.0,2014-09
2014-09-30,1000000.0,2014-09
2014-10-08,1000000.0,2014-10
2014-10-09,1000000.0,2014-10
2014-10-10,1000000.0,2014-10
2014-10-13,1000000.0,2014-10
2014-10-14,1000000.0,2014-10
2014-10-15,1000000.0,2014-10
2014-10-16,1000000.0,2014-10
2014-10-17,1000000.0,2014-10
2014-10-20,1000000.0,2014-10
2014-10-21,1000000.0,2014-10
2014-10-22,1000000.0,2014-10
2014-10-23,1000000.0,2014-10
2014-10-24,1000000.0,2014-10
2014-10-27,1000000.0,2014-10
2014-10-28,1000000.0,2014-10
2014-10-29,1000000.0,2014-10
2014-10-30,1000000.0,2014-10
2014-10-31,1000000.0,2014-10
2014-11-03,1000000.0,2014-11
2014-11-04,1000000.0,2014-11
2014-11-05,1000000.0,2014-11
2014-11-06,1000000.0,2014-11
2014-11-07,1000000.0,2014-11
2014-11-10,1000000.0,2014-11
2014-11-11,1000000.0,2014-11
2014-11-12,1000000.0,2014-11
2014-11-13,1000000.0,2014-11
2014-11-14,1000000.0,2014-11
2014-11-17,1000000.0,2014-11
2014-11-18,1000000.0,2014-11
2014-11-19,1000000.0,2014-11
2014-11-20,1000000.0,2014-11
2014-11-21,1000000.0,2014-11
2014-11-24,1000000.0,2014-11
2014-11-25,1000000.0,2014-11
2014-11-26,1000000.0,2014-11
2014-11-27,1000000.0,2014-11
2014-11-28,1000000.0,2014-11
2014-12-01,1000000.0,2014-12
2014-12-02,1000000.0,2014-12
2014-12-03,1000000.0,2014-12
2014-12-04,1000000.0,2014-12
2014-12-05,1000000.0,2014-12
2014-12-08,1000000.0,2014-12
2014-12-09,1000000.0,2014-12
2014-12-10,1000000.0,2014-12
2014-12-11,1000000.0,2014-12
2014-12-12,1000000.0,2014-12
2014-12-15,1000000.0,2014-12
2014-12-16,1000000.0,2014-12
2014-12-17,1000000.0,2014-12
2014-12-18,1000000.0,2014-12
2014-12-19,1000000.0,2014-12
2014-12-22,1000000.0,2014-12
2014-12-23,1000000.0,2014-12
2014-12-24,1000000.0,2014-12
2014-12-25,1000000.0,2014-12
2014-12-26,1000000.0,2014-12
2014-12-29,1000000.0,2014-12
2014-12-30,1000000.0,2014-12
2014-12-31,1000000.0,2014-12
2015-01-05,1000000.0,2015-01
2015-01-06,998921.8563424001,2015-01
2015-01-07,998967.8563424002,2015-01
2015-01-08,999179.4563424,2015-01
2015-01-09,999161.0563424001,2015-01
2015-01-12,999161.0563424001,2015-01
2015-01-13,999345.0563424003,2015-01
2015-01-14,999593.4563424002,2015-01
2015-01-15,999805.0563424,2015-01
2015-01-16,1000173.0563424001,2015-01
2015-01-19,1000605.4563424003,2015-01
2015-01-20,1001709.4563424002,2015-01
2015-01-21,1001350.6563424001,2015-01
2015-01-22,1000881.4563424002,2015-01
2015-01-23,1000909.0563424001,2015-01
2015-01-26,1000973.4563424002,2015-01
2015-01-27,1001093.0563424,2015-01
2015-01-28,1001203.4563424,2015-01
2015-01-29,1001341.4563424,2015-01
2015-01-30,1000441.9396242001,2015-01
2015-02-02,1004883.9236779402,2015-02
2015-02-03,1021701.5236779401,2015-02
2015-02-04,1023426.52367794,2015-02
2015-02-05,1026890.3236779401,2015-02
2015-02-06,1012124.3236779401,2015-02
2015-02-09,1007151.7236779402,2015-02
2015-02-10,1019401.5236779401,2015-02
2015-02-11,1025629.9236779402,2015-02
2015-02-12,1030625.52367794,2015-02
2015-02-13,1043924.1236779401,2015-02
2015-02-16,1065668.32367794,2015-02
2015-02-17,1062305.7783365403,2015-02
2015-02-25,1057318.10796256,2015-02
2015-02-26,1060564.30796256,2015-02
2015-02-27,1074857.6079625601,2015-02
2015-03-02,1089826.20796256,2015-03
2015-03-03,1080841.30796256,2015-03
2015-03-04,1097492.80796256,2015-03
2015-03-05,1096964.50796256,2015-03
2015-03-06,1080119.9079625602,2015-03
2015-03-09,1093816.30796256,2015-03
2015-03-10,1107048.1079625601,2015-03
2015-03-11,1103530.4079625602,2015-03
2015-03-12,1097879.9079625602,2015-03
2015-03-13,1107484.6881716002,2015-03
2015-03-16,1119020.8487440003,2015-03
2015-03-17,1121120.0487440003,2015-03
2015-03-18,1128144.8487440003,2015-03
2015-03-19,1132157.9082440003,2015-03
2015-03-20,1135507.9562440002,2015-03
2015-03-23,1152753.1562440002,2015-03
2015-03-24,1162546.2562440003,2015-03
2015-03-25,1162265.6811440003,2015-03
2015-03-26,1160536.6320543003,2015-03
2015-03-27,1160386.9600886605,2015-03
2015-03-30,1159365.4600886602,2015-03
2015-03-31,1158679.8758987002,2015-03
2015-04-01,1158264.5820889203,2015-04
2015-04-02,1158529.5820889203,2015-04
2015-04-03,1158911.1820889201,2015-04
2015-04-07,1159006.5820889205,2015-04
2015-04-08,1159229.1820889204,2015-04
2015-04-09,1159345.7820889205,2015-04
2015-04-10,1159335.1820889204,2015-04
2015-04-13,1158911.1820889204,2015-04
2015-04-14,1159197.3820889203,2015-04
2015-04-15,1159525.9820889204,2015-04
2015-04-16,1160013.5820889203,2015-04
2015-04-17,1160925.1820889201,2015-04
2015-04-20,1162165.3820889203,2015-04
2015-04-21,1162652.9820889204,2015-04
2015-04-22,1161645.9820889204,2015-04
2015-04-23,1161380.9820889202,2015-04
2015-04-24,1161465.7820889205,2015-04
2015-04-27,1161497.5820889203,2015-04
2015-04-28,1161582.3820889203,2015-04
2015-04-29,1161677.7820889202,2015-04
2015-04-30,1161773.1820889204,2015-04
2015-05-04,1161465.7820889202,2015-05
2015-05-05,1160545.2052063805,2015-05
2015-05-06,1139609.5862790202,2015-05
2015-05-07,1138800.2846146205,2015-05
2015-05-08,1139100.4403391005,2015-05
2015-05-11,1139422.8403391005,2015-05
2015-05-12,1138773.3698031004,2015-05
2015-05-13,1136816.2227309006,2015-05
2015-05-14,1150344.2227309006,2015-05
2015-05-15,1139176.6227309005,2015-05
2015-05-18,1124525.6227309005,2015-05
2015-05-19,1135833.6227309005,2015-05
2015-05-20,1136894.2227309006,2015-05
2015-05-21,1136488.0507785007,2015-05
2015-05-22,1136472.472467701,2015-05
2015-05-25,1136430.8724677004,2015-05
2015-05-26,1136410.0724677006,2015-05
2015-05-27,1136420.4724677005,2015-05
2015-05-28,1136462.0724677006,2015-05
2015-05-29,1136420.4724677005,2015-05
2015-06-01,1136430.8724677009,2015-06
2015-06-02,1136347.6724677007,2015-06
2015-06-03,1136909.2724677008,2015-06
2015-06-04,1137980.4724677005,2015-06
2015-06-05,1138323.6724677007,2015-06
2015-06-08,1138084.4724677005,2015-06
2015-06-09,1138032.4724677005,2015-06
2015-06-10,1137886.8724677009,2015-06
2015-06-11,1137897.2724677008,2015-06
2015-06-12,1137762.0724677006,2015-06
2015-06-15,1137928.472467701,2015-06
2015-06-16,1138126.0724677006,2015-06
2015-06-17,1138448.472467701,2015-06
2015-06-18,1138479.6724677007,2015-06
2015-06-19,1138874.8724677009,2015-06
2015-06-23,1139041.2724677008,2015-06
2015-06-24,1139561.2724677008,2015-06
2015-06-25,1139550.8724677009,2015-06
2015-06-26,1139592.472467701,2015-06
2015-06-29,1139509.2724677008,2015-06
2015-06-30,1139436.472467701,2015-06
2015-07-01,1139665.2724677008,2015-07
2015-07-02,1139727.6724677007,2015-07
2015-07-03,1139914.8724677009,2015-07
2015-07-06,1140632.4724677005,2015-07
2015-07-07,1141485.2724677008,2015-07
2015-07-08,1140736.472467701,2015-07
2015-07-09,1140861.2724677008,2015-07
2015-07-10,1141027.6724677007,2015-07
2015-07-13,1141121.2724677008,2015-07
2015-07-14,1141225.2724677008,2015-07
2015-07-15,1141370.8724677009,2015-07
2015-07-16,1141537.2724677008,2015-07
2015-07-17,1141911.6724677007,2015-07
2015-07-20,1141911.6724677007,2015-07
2015-07-21,1141953.2724677008,2015-07
2015-07-22,1141953.2724677008,2015-07
2015-07-23,1142026.0724677006,2015-07
2015-07-24,1142182.0724677006,2015-07
2015-07-27,1142369.2724677008,2015-07
2015-07-28,1142452.472467701,2015-07
2015-07-29,1142483.6724677007,2015-07
2015-07-30,1142795.6724677007,2015-07
2015-07-31,1142910.0724677006,2015-07
2015-08-03,1143222.0724677006,2015-08
2015-08-04,1143170.0724677006,2015-08
2015-08-05,1143170.0724677006,2015-08
2015-08-06,1143034.8724677009,2015-08
2015-08-07,1143190.8724677009,2015-08
2015-08-10,1143232.4724677005,2015-08
2015-08-11,1143232.4724677005,2015-08
2015-08-12,1143336.472467701,2015-08
2015-08-13,1143409.2724677008,2015-08
2015-08-14,1143606.8724677009,2015-08
2015-08-17,1143721.2724677008,2015-08
2015-08-18,1143773.2724677008,2015-08
2015-08-19,1143846.0724677006,2015-08
2015-08-20,1143898.0724677006,2015-08
2015-08-21,1144064.4724677005,2015-08
2015-08-24,1144116.472467701,2015-08
2015-08-25,1144106.0724677006,2015-08
2015-08-26,1144189.2724677008,2015-08
2015-08-27,1144293.2724677008,2015-08
2015-08-28,1144532.4724677005,2015-08
2015-08-31,1144574.0724677006,2015-08
2015-09-01,1144979.6724677007,2015-09
2015-09-02,1145406.0724677006,2015-09
2015-09-07,1145395.6724677007,2015-09
2015-09-08,1145302.0724677006,2015-09
2015-09-09,1145229.2724677008,2015-09
2015-09-10,1145354.0724677006,2015-09
2015-09-11,1145572.4724677005,2015-09
2015-09-14,1145634.8724677009,2015-09
2015-09-15,1145728.472467701,2015-09
2015-09-16,1145853.2724677008,2015-09
2015-09-17,1145832.4724677005,2015-09
2015-09-18,1146019.6724677007,2015-09
2015-09-21,1146050.8724677009,2015-09
2015-09-22,1146154.8724677009,2015-09
2015-09-23,1146206.8724677009,2015-09
2015-09-24,1146238.0724677006,2015-09
2015-09-25,1146394.0724677006,2015-09
2015-09-28,1146581.2724677008,2015-09
2015-09-29,1146654.0724677006,2015-09
2015-09-30,1147111.6724677007,2015-09
2015-10-08,1146976.4724677005,2015-10
2015-10-09,1147246.8724677009,2015-10
2015-10-12,1147236.472467701,2015-10
2015-10-13,1147496.4724677005,2015-10
2015-10-14,1147735.6724677007,2015-10
2015-10-15,1147798.0724677006,2015-10
2015-10-16,1147954.0724677006,2015-10
2015-10-19,1148068.472467701,2015-10
2015-10-20,1148130.8724677004,2015-10
2015-10-21,1148214.0724677006,2015-10
2015-10-22,1148151.6724677007,2015-10
2015-10-23,1148328.4724677005,2015-10
2015-10-26,1148484.4724677005,2015-10
2015-10-27,1148588.4724677005,2015-10
2015-10-28,1148671.6724677007,2015-10
2015-10-29,1148754.8724677009,2015-10
2015-10-30,1149108.472467701,2015-10
2015-11-02,1149191.6724677007,2015-11
2015-11-03,1149243.6724677007,2015-11
2015-11-04,1149285.2724677008,2015-11
2015-11-05,1149399.6724677007,2015-11
2015-11-06,1149503.6724677007,2015-11
2015-11-09,1149545.2724677008,2015-11
2015-11-10,1149836.472467701,2015-11
2015-11-11,1149992.472467701,2015-11
2015-11-12,1150086.0724677006,2015-11
2015-11-13,1150252.4724677005,2015-11
2015-11-16,1150325.2724677008,2015-11
2015-11-17,1149682.4115903405,2015-11
2015-11-18,1149108.7328293405,2015-11
2015-11-19,1149180.8328293406,2015-11
2015-11-20,1149314.7328293405,2015-11
2015-11-23,1148605.0131325405,2015-11
2015-11-24,1157583.2555184006,2015-11
2015-11-25,1156220.0013453204,2015-11
2015-11-26,1154894.2709749006,2015-11
2015-11-27,1154935.8709749007,2015-11
2015-11-30,1154873.4709749005,2015-11
2015-12-01,1155237.4709749005,2015-12
2015-12-02,1155331.0709749006,2015-12
2015-12-03,1154713.5113340206,2015-12
2015-12-04,1147132.096604141,2015-12
2015-12-07,1156461.8966041408,2015-12
2015-12-08,1147497.8966041408,2015-12
2015-12-09,1142717.6966041408,2015-12
2015-12-10,1146376.0966041407,2015-12
2015-12-11,1142858.096604141,2015-12
2015-12-14,1153058.2966041407,2015-12
2015-12-15,1158058.6966041408,2015-12
2015-12-16,1161748.2966041407,2015-12
2015-12-17,1180042.096604141,2015-12
2015-12-18,1178783.2966041407,2015-12
2015-12-21,1177661.4966041408,2015-12
2015-12-22,1176057.6966041408,2015-12
2015-12-23,1163482.096604141,2015-12
2015-12-24,1168922.8966041408,2015-12
2015-12-25,1168151.2966041407,2015-12
2015-12-28,1152676.6966041408,2015-12
2015-12-29,1159291.296604141,2015-12
2015-12-30,1164936.6966041408,2015-12
2015-12-31,1150237.096604141,2015-12
2016-01-04,1097562.8966041408,2016-01
2016-01-05,1097188.873678621,2016-01
2016-01-06,1096664.7429205007,2016-01
2016-01-07,1096743.1429205008,2016-01
2016-01-08,1096997.9429205009,2016-01
2016-01-11,1097135.1429205008,2016-01
2016-01-12,1097203.742920501,2016-01
2016-01-13,1097203.742920501,2016-01
2016-01-14,1097213.542920501,2016-01
2016-01-15,1097370.342920501,2016-01
2016-01-18,1097478.1429205008,2016-01
2016-01-19,1097458.5429205007,2016-01
2016-01-20,1097517.3429205008,2016-01
2016-01-21,1097458.542920501,2016-01
2016-01-22,1097791.742920501,2016-01
2016-01-25,1097919.1429205008,2016-01
2016-01-26,1098115.1429205008,2016-01
2016-01-27,1098213.1429205008,2016-01
2016-01-28,1098311.1429205008,2016-01
2016-01-29,1098595.342920501,2016-01
2016-02-01,1098771.742920501,2016-02
2016-02-02,1098791.3429205008,2016-02
2016-02-03,1098187.9102747608,2016-02
2016-02-04,1102701.6481757208,2016-02
2016-02-05,1109771.4481757209,2016-02
2016-02-15,1131750.9481757209,2016-02
2016-02-16,1123728.248175721,2016-02
2016-02-17,1128537.9481757209,2016-02
2016-02-18,1129526.648175721,2016-02
2016-02-19,1138090.248175721,2016-02
2016-02-22,1133801.8481757208,2016-02
2016-02-23,1134318.2481757211,2016-02
2016-02-24,1138894.248175721,2016-02
2016-02-25,1147266.7481757207,2016-02
2016-02-26,1146676.567952361,2016-02
2016-02-29,1140598.952485561,2016-02
2016-03-01,1149242.7524855612,2016-03
2016-03-02,1142431.3896855612,2016-03
2016-03-03,1147336.889685561,2016-03
2016-03-04,1154917.1896855612,2016-03
2016-03-07,1154498.5896855611,2016-03
2016-03-08,1157454.0896855611,2016-03
2016-03-09,1151364.1896855612,2016-03
2016-03-10,1147943.989685561,2016-03
2016-03-11,1155167.0896855611,2016-03
2016-03-14,1149215.0896855611,2016-03
2016-03-15,1137846.989685561,2016-03
2016-03-16,1142037.889685561,2016-03
2016-03-17,1147688.789685561,2016-03
2016-03-18,1147698.989685561,2016-03
2016-03-21,1138740.289685561,2016-03
2016-03-22,1143461.989685561,2016-03
2016-03-23,1137657.8896855614,2016-03
2016-03-24,1129827.289685561,2016-03
2016-03-25,1133206.4896855613,2016-03
2016-03-28,1131460.6896855612,2016-03
2016-03-29,1132772.5896855611,2016-03
2016-03-30,1137780.289685561,2016-03
2016-03-31,1133063.489685561,2016-03
2016-04-01,1136753.989685561,2016-04
2016-04-05,1134186.289685561,2016-04
2016-04-06,1134666.0896855611,2016-04
2016-04-07,1134487.3896855614,2016-04
2016-04-08,1138366.789685561,2016-04
2016-04-11,1143399.989685561,2016-04
2016-04-12,1146503.5896855611,2016-04
2016-04-13,1141495.889685561,2016-04
2016-04-14,1136825.1896855612,2016-04
2016-04-15,1136738.289685561,2016-04
2016-04-18,1137269.0896855611,2016-04
2016-04-19,1142608.489685561,2016-04
2016-04-20,1143940.789685561,2016-04
2016-04-21,1142588.9136191611,2016-04
2016-04-22,1141429.0718898012,2016-04
2016-04-25,1141490.2718898011,2016-04
2016-04-26,1141500.4718898013,2016-04
2016-04-27,1141694.2718898011,2016-04
2016-04-28,1141918.6718898013,2016-04
2016-04-29,1142081.8718898012,2016-04
2016-05-03,1141990.0718898014,2016-05
2016-05-04,1142041.0718898012,2016-05
2016-05-05,1142153.2718898011,2016-05
2016-05-06,1142357.2718898011,2016-05
2016-05-09,1142489.8718898012,2016-05
2016-05-10,1142724.471889801,2016-05
2016-05-11,1142632.6718898013,2016-05
2016-05-12,1142653.0718898012,2016-05
2016-05-13,1142816.2718898011,2016-05
2016-05-16,1142908.0718898012,2016-05
2016-05-17,1142979.4718898013,2016-05
2016-05-18,1143040.6718898013,2016-05
2016-05-19,1143112.0718898014,2016-05
2016-05-20,1143101.8718898012,2016-05
2016-05-23,1143336.4718898013,2016-05
2016-05-24,1143458.8718898012,2016-05
2016-05-25,1143509.8718898012,2016-05
2016-05-26,1143540.471889801,2016-05
2016-05-27,1143642.4718898013,2016-05
2016-05-30,1143795.4718898013,2016-05
2016-05-31,1143795.4718898013,2016-05
2016-06-01,1143815.8718898012,2016-06
2016-06-02,1143907.6718898013,2016-06
2016-06-03,1144060.6718898013,2016-06
2016-06-06,1144183.0718898012,2016-06
2016-06-07,1144315.6718898013,2016-06
2016-06-08,1144744.0718898012,2016-06
2016-06-13,1144744.0718898012,2016-06
2016-06-14,1144784.8718898012,2016-06
2016-06-15,1144795.0718898012,2016-06
2016-06-16,1144846.0718898012,2016-06
2016-06-17,1145101.0718898012,2016-06
2016-06-20,1145182.6718898013,2016-06
2016-06-21,1145223.4718898013,2016-06
2016-06-22,1145254.0718898012,2016-06
2016-06-23,1145315.2718898011,2016-06
2016-06-24,1145468.2718898014,2016-06
2016-06-27,1144675.338254461,2016-06
2016-06-28,1141850.0985535814,2016-06
2016-06-29,1144474.8985535814,2016-06
2016-06-30,1142276.7985535813,2016-06
2016-07-01,1150531.9985535813,2016-07
2016-07-04,1158836.4985535813,2016-07
2016-07-05,1157020.8985535814,2016-07
2016-07-06,1168633.5985535812,2016-07
2016-07-07,1166469.4985535815,2016-07
2016-07-08,1162540.7985535813,2016-07
2016-07-11,1167836.2985535813,2016-07
2016-07-12,1163208.8985535814,2016-07
2016-07-13,1157756.9985535815,2016-07
2016-07-14,1153792.5985535814,2016-07
2016-07-15,1154475.9985535813,2016-07
2016-07-18,1152529.4985535813,2016-07
2016-07-19,1152769.7317009415,2016-07
2016-07-20,1149303.2311836614,2016-07
2016-07-21,1145915.0311836614,2016-07
2016-07-22,1145547.0311836614,2016-07
2016-07-25,1142307.6311836615,2016-07
2016-07-26,1149184.6311836613,2016-07
2016-07-27,1128131.2311836614,2016-07
2016-07-28,1133101.6423006214,2016-07
2016-07-29,1129421.4853698215,2016-07
2016-08-01,1132995.6853698213,2016-08
2016-08-02,1134924.3998200814,2016-08
2016-08-03,1135226.2001660815,2016-08
2016-08-04,1135471.9001660815,2016-08
2016-08-05,1134208.9428527413,2016-08
2016-08-08,1121041.7182423815,2016-08
2016-08-09,1120683.1182423816,2016-08
2016-08-10,1128684.4182423814,2016-08
2016-08-11,1123871.9182423814,2016-08
2016-08-12,1123722.6182423814,2016-08
2016-08-15,1122561.8182423816,2016-08
2016-08-16,1124729.1182423816,2016-08
2016-08-17,1122073.9182423814,2016-08
2016-08-18,1124978.4182423814,2016-08
2016-08-19,1125327.7182423817,2016-08
2016-08-22,1121103.1182423816,2016-08
2016-08-23,1122094.6182423814,2016-08
2016-08-24,1122288.9182423814,2016-08
2016-08-25,1117680.7182423817,2016-08
2016-08-26,1118577.9182423814,2016-08
2016-08-29,1116505.6182423814,2016-08
2016-08-30,1115890.8854161815,2016-08
2016-08-31,1115288.2693785615,2016-08
2016-09-01,1115387.2693785615,2016-09
2016-09-02,1115525.8693785616,2016-09
2016-09-05,1115585.2693785615,2016-09
2016-09-06,1115694.1693785614,2016-09
2016-09-07,1115783.2693785615,2016-09
2016-09-08,1115832.7693785615,2016-09
2016-09-09,1115951.5693785618,2016-09
2016-09-12,1116100.0693785618,2016-09
2016-09-13,1116347.5693785613,2016-09
2016-09-14,1116654.4693785617,2016-09
2016-09-19,1116585.1693785614,2016-09
2016-09-20,1116545.5693785618,2016-09
2016-09-21,1116595.0693785618,2016-09
2016-09-22,1116496.0693785618,2016-09
2016-09-23,1116684.1693785614,2016-09
2016-09-26,1116773.2693785615,2016-09
2016-09-27,1116802.9693785617,2016-09
2016-09-28,1117010.8693785616,2016-09
2016-09-29,1117109.8693785616,2016-09
2016-09-30,1117773.1693785614,2016-09
2016-10-10,1117852.3693785616,2016-10
2016-10-11,1117882.0693785618,2016-10
2016-10-12,1118109.7693785615,2016-10
2016-10-13,1118208.7693785615,2016-10
2016-10-14,1118466.1693785614,2016-10
2016-10-17,1118446.3693785616,2016-10
2016-10-18,1118337.4693785617,2016-10
2016-10-19,1118476.0693785613,2016-10
2016-10-20,1118416.6693785614,2016-10
2016-10-21,1118634.4693785617,2016-10
2016-10-24,1118624.5693785613,2016-10
2016-10-25,1118683.9693785617,2016-10
2016-10-26,1118763.1693785614,2016-10
2016-10-27,1118773.0693785613,2016-10
2016-10-28,1119040.3693785616,2016-10
2016-10-31,1119238.3693785616,2016-10
2016-11-01,1119357.1693785614,2016-11
2016-11-02,1119614.5693785618,2016-11
2016-11-03,1119644.2693785615,2016-11
2016-11-04,1119852.1693785614,2016-11
2016-11-07,1119911.5693785613,2016-11
2016-11-08,1119970.9693785617,2016-11
2016-11-09,1119980.8693785616,2016-11
2016-11-10,1120010.5693785613,2016-11
2016-11-11,1120010.5693785613,2016-11
2016-11-14,1120119.4693785617,2016-11
2016-11-15,1120307.5693785618,2016-11
2016-11-16,1120347.1693785614,2016-11
2016-11-17,1120426.3693785616,2016-11
2016-11-18,1120654.0693785613,2016-11
2016-11-21,1120703.5693785613,2016-11
2016-11-22,1120782.7693785615,2016-11
2016-11-23,1120852.0693785618,2016-11
2016-11-24,1120891.6693785614,2016-11
2016-11-25,1121050.0693785618,2016-11
2016-11-28,1121168.8693785616,2016-11
2016-11-29,1121158.9693785617,2016-11
2016-11-30,1121129.2693785615,2016-11
2016-12-01,1121218.3693785616,2016-12
2016-12-02,1121614.3693785616,2016-12
2016-12-05,1121812.3693785616,2016-12
2016-12-06,1121832.1693785614,2016-12
2016-12-07,1121842.0693785618,2016-12
2016-12-08,1121980.6693785614,2016-12
2016-12-09,1122049.9693785617,2016-12
2016-12-12,1122109.3693785616,2016-12
2016-12-13,1122168.7693785615,2016-12
2016-12-14,1122168.7693785615,2016-12
2016-12-15,1121228.2693785615,2016-12
2016-12-16,1121644.0693785618,2016-12
2016-12-19,1121950.9693785617,2016-12
2016-12-20,1122346.9693785617,2016-12
2016-12-21,1122475.6693785614,2016-12
2016-12-22,1122713.2693785615,2016-12
2016-12-23,1122921.1693785614,2016-12
2016-12-26,1122851.8693785616,2016-12
2016-12-27,1122634.0693785618,2016-12
2016-12-28,1122851.8693785616,2016-12
2016-12-29,1123534.9693785617,2016-12
2016-12-30,1124752.6693785614,2016-12
2017-01-03,1123732.9693785617,2017-01
2017-01-04,1123752.7693785615,2017-01
2017-01-05,1123752.7693785615,2017-01
2017-01-06,1124029.9693785617,2017-01
2017-01-09,1124059.6693785614,2017-01
2017-01-10,1124247.7693785615,2017-01
2017-01-11,1124287.3693785616,2017-01
2017-01-12,1124247.7693785615,2017-01
2017-01-13,1124396.2693785615,2017-01
2017-01-16,1124406.1693785614,2017-01
2017-01-17,1124317.0693785618,2017-01
2017-01-18,1124376.4693785617,2017-01
2017-01-19,1124198.2693785615,2017-01
2017-01-20,1124614.0693785618,2017-01
2017-01-23,1124980.3693785616,2017-01
2017-01-24,1125118.9693785617,2017-01
2017-01-25,1125544.669378562,2017-01
2017-01-26,1125782.2693785615,2017-01
2017-02-03,1126009.9693785617,2017-02
2017-02-06,1126237.669378562,2017-02
2017-02-07,1126574.2693785615,2017-02
2017-02-08,1126554.4693785617,2017-02
2017-02-09,1126514.8693785616,2017-02
2017-02-10,1126584.1693785614,2017-02
2017-02-13,1126643.5693785618,2017-02
2017-02-14,1126613.8693785616,2017-02
2017-02-15,1126702.9693785617,2017-02
2017-02-16,1126841.5693785618,2017-02
2017-02-17,1126881.169378562,2017-02
2017-02-20,1127009.8693785616,2017-02
2017-02-21,1127039.5693785618,2017-02
2017-02-22,1127257.3693785616,2017-02
2017-02-23,1126692.3791625616,2017-02
2017-02-24,1133467.1004548816,2017-02
2017-02-27,1135420.4004548816,2017-02
2017-02-28,1133384.0004548817,2017-02
2017-03-01,1129531.5004548817,2017-03
2017-03-02,1130241.4004548816,2017-03
2017-03-03,1126080.6004548818,2017-03
2017-03-06,1126521.2004548816,2017-03
2017-03-07,1124568.1004548818,2017-03
2017-03-08,1122154.8004548815,2017-03
2017-03-09,1120431.8004548817,2017-03
2017-03-10,1116887.8004548815,2017-03
2017-03-13,1122605.4004548816,2017-03
2017-03-14,1120706.0004548817,2017-03
2017-03-15,1120686.4004548816,2017-03
2017-03-16,1128988.6004548818,2017-03
2017-03-17,1129943.3004548815,2017-03
2017-03-20,1132537.9004548816,2017-03
2017-03-21,1129493.1004548818,2017-03
2017-03-22,1134799.7004548814,2017-03
2017-03-23,1135490.0004548817,2017-03
2017-03-24,1134256.4004548816,2017-03
2017-03-27,1139900.7004548816,2017-03
2017-03-28,1138481.1004548818,2017-03
2017-03-29,1136988.0004548817,2017-03
2017-03-30,1136674.8004548815,2017-03
2017-03-31,1132210.6004548816,2017-03
2017-04-05,1138672.4004548816,2017-04
2017-04-06,1139255.1004548818,2017-04
2017-04-07,1144556.8004548815,2017-04
2017-04-10,1142358.9004548816,2017-04
2017-04-11,1143768.9004548816,2017-04
2017-04-12,1149442.4004548816,2017-04
2017-04-13,1151748.1004548816,2017-04
2017-04-14,1153084.6004548818,2017-04
2017-04-17,1151699.3004548815,2017-04
2017-04-18,1149897.9004548816,2017-04
2017-04-19,1149530.8004548815,2017-04
2017-04-20,1148586.1004548816,2017-04
2017-04-21,1146877.8004548815,2017-04
2017-04-24,1142359.5004548817,2017-04
2017-04-25,1142741.3004548817,2017-04
2017-04-26,1140137.1004548816,2017-04
2017-04-27,1141865.2004548814,2017-04
2017-04-28,1144092.7004548814,2017-04
2017-05-02,1139246.5004548817,2017-05
2017-05-03,1139300.4004548816,2017-05
2017-05-04,1130523.3004548815,2017-05
2017-05-05,1131061.9004548816,2017-05
2017-05-08,1129289.9004548816,2017-05
2017-05-09,1130063.5004548817,2017-05
2017-05-10,1128727.1556128017,2017-05
2017-05-11,1127413.2295955014,2017-05
2017-05-12,1127648.4295955016,2017-05
2017-05-15,1127766.0295955015,2017-05
2017-05-16,1127736.6295955016,2017-05
2017-05-17,1127854.2295955017,2017-05
2017-05-18,1128060.0295955015,2017-05
2017-05-19,1128099.2295955017,2017-05
2017-05-22,1128403.0295955017,2017-05
2017-05-23,1128501.0295955015,2017-05
2017-05-24,1128618.6295955016,2017-05
2017-05-25,1128834.2295955017,2017-05
2017-05-26,1128981.2295955014,2017-05
2017-05-31,1128981.2295955014,2017-05
2017-06-01,1129412.4295955016,2017-06
2017-06-02,1129520.2295955017,2017-06
2017-06-05,1129745.6295955016,2017-06
2017-06-06,1129902.4295955016,2017-06
2017-06-07,1129990.6295955016,2017-06
2017-06-08,1130127.8295955015,2017-06
2017-06-09,1130225.8295955015,2017-06
2017-06-12,1130441.4295955016,2017-06
2017-06-13,1130510.0295955015,2017-06
2017-06-14,1130608.0295955017,2017-06
2017-06-15,1130735.4295955016,2017-06
2017-06-16,1130872.6295955016,2017-06
2017-06-19,1131068.6295955016,2017-06
2017-06-20,1131019.6295955016,2017-06
2017-06-21,1131313.6295955016,2017-06
2017-06-22,1131519.4295955016,2017-06
2017-06-23,1131735.0295955015,2017-06
2017-06-26,1131715.4295955014,2017-06
2017-06-27,1131833.0295955015,2017-06
2017-06-28,1131940.8295955015,2017-06
2017-06-29,1131970.2295955017,2017-06
2017-06-30,1132381.8295955015,2017-06
2017-07-03,1132646.4295955014,2017-07
2017-07-04,1132940.4295955014,2017-07
2017-07-05,1133381.4295955016,2017-07
2017-07-06,1133469.6295955016,2017-07
2017-07-07,1133410.8295955015,2017-07
2017-07-10,1133508.8295955015,2017-07
2017-07-11,1133597.0295955015,2017-07
2017-07-12,1133695.0295955017,2017-07
2017-07-13,1133783.2295955017,2017-07
2017-07-14,1133949.8295955015,2017-07
2017-07-17,1134155.6295955016,2017-07
2017-07-18,1134165.4295955014,2017-07
2017-07-19,1134194.8295955015,2017-07
2017-07-20,1134322.2295955014,2017-07
2017-07-21,1134635.8295955015,2017-07
2017-07-24,1134773.0295955015,2017-07
2017-07-25,1134910.2295955014,2017-07
2017-07-26,1135145.4295955016,2017-07
2017-07-27,1135292.4295955016,2017-07
2017-07-28,1135410.0295955015,2017-07
2017-07-31,1135459.0295955017,2017-07
2017-08-01,1135547.2295955014,2017-08
2017-08-02,1135841.2295955014,2017-08
2017-08-03,1135949.0295955017,2017-08
2017-08-04,1136262.6295955016,2017-08
2017-08-07,1136370.4295955016,2017-08
2017-08-08,1136497.8295955015,2017-08
2017-08-09,1136576.2295955017,2017-08
2017-08-10,1136693.8295955015,2017-08
2017-08-11,1136909.4295955016,2017-08
2017-08-14,1137027.0295955017,2017-08
2017-08-15,1137046.6295955016,2017-08
2017-08-16,1137105.4295955016,2017-08
2017-08-17,1137203.4295955014,2017-08
2017-08-18,1137526.8295955015,2017-08
2017-08-21,1137615.0295955015,2017-08
2017-08-22,1137742.4295955016,2017-08
2017-08-23,1137811.0295955017,2017-08
2017-08-24,1138036.4295955016,2017-08
2017-08-25,1138193.2295955017,2017-08
2017-08-28,1138193.2295955017,2017-08
2017-08-29,1138301.0295955015,2017-08
2017-08-30,1138359.8295955015,2017-08
2017-08-31,1138712.6295955016,2017-08
2017-09-01,1138947.8295955015,2017-09
2017-09-04,1139222.2295955017,2017-09
2017-09-05,1139349.6295955016,2017-09
2017-09-06,1139457.4295955016,2017-09
2017-09-07,1139565.2295955014,2017-09
2017-09-08,1139722.0295955015,2017-09
2017-09-11,1139839.6295955016,2017-09
2017-09-12,1139246.9508942016,2017-09
2017-09-13,1139430.2370175417,2017-09
2017-09-14,1138504.6370175416,2017-09
2017-09-15,1141012.2370175417,2017-09
2017-09-18,1136550.5370175417,2017-09
2017-09-19,1136766.0370175417,2017-09
2017-09-20,1137520.3370175418,2017-09
2017-09-21,1133234.913307702,2017-09
2017-09-22,1132097.3785645016,2017-09
2017-09-25,1126626.3785645019,2017-09
2017-09-26,1131016.7785645018,2017-09
2017-09-27,1129926.9785645017,2017-09
2017-09-28,1128570.9785645017,2017-09
2017-09-29,1134377.9785645017,2017-09
2017-10-09,1136895.9785645017,2017-10
2017-10-10,1135711.4757785415,2017-10
2017-10-11,1130143.0949652218,2017-10
2017-10-12,1129302.4949652217,2017-10
2017-10-13,1138468.2949652218,2017-10
2017-10-16,1124849.8949652216,2017-10
2017-10-17,1121878.2949652215,2017-10
2017-10-18,1119359.8949652216,2017-10
2017-10-19,1118442.4949652217,2017-10
2017-10-20,1124435.0949652218,2017-10
2017-10-23,1128215.0949652218,2017-10
2017-10-24,1130121.8949652219,2017-10
2017-10-25,1132014.2949652218,2017-10
2017-10-26,1133586.4949652217,2017-10
2017-10-27,1126815.6949652217,2017-10
2017-10-30,1115395.4949652217,2017-10
2017-10-31,1118291.6949652217,2017-10
2017-11-01,1117178.8949652216,2017-11
2017-11-02,1109839.6949652217,2017-11
2017-11-03,1106022.6949652217,2017-11
2017-11-06,1104720.1562878417,2017-11
2017-11-07,1103458.1586043218,2017-11
2017-11-08,1103552.1586043218,2017-11
2017-11-09,1103617.9586043218,2017-11
2017-11-10,1103730.7586043219,2017-11
2017-11-13,1103815.358604322,2017-11
2017-11-14,1103843.5586043217,2017-11
2017-11-15,1104069.158604322,2017-11
2017-11-16,1104238.358604322,2017-11
2017-11-17,1104501.558604322,2017-11
2017-11-20,1104557.9586043218,2017-11
2017-11-21,1104689.558604322,2017-11
2017-11-22,1104745.9586043218,2017-11
2017-11-23,1104980.9586043218,2017-11
2017-11-24,1105225.358604322,2017-11
2017-11-27,1105356.9586043218,2017-11
2017-11-28,1105375.7586043219,2017-11
2017-11-29,1105422.7586043219,2017-11
2017-11-30,1105789.3586043217,2017-11
2017-12-01,1105958.558604322,2017-12
2017-12-04,1106221.7586043219,2017-12
2017-12-05,1106419.158604322,2017-12
2017-12-06,1106466.1586043218,2017-12
2017-12-07,1106663.558604322,2017-12
2017-12-08,1106785.7586043219,2017-12
2017-12-11,1106795.1586043218,2017-12
2017-12-12,1106889.1586043218,2017-12
2017-12-13,1107001.9586043218,2017-12
2017-12-14,1107180.558604322,2017-12
2017-12-15,1107453.158604322,2017-12
2017-12-18,1107396.7586043219,2017-12
2017-12-19,1107443.7586043219,2017-12
2017-12-20,1107622.358604322,2017-12
2017-12-21,1107913.7586043219,2017-12
2017-12-22,1108035.9586043218,2017-12
2017-12-25,1108223.9586043218,2017-12
2017-12-26,1107923.1586043218,2017-12
2017-12-27,1107941.9586043218,2017-12
2017-12-28,1106654.158604322,2017-12
2017-12-29,1108938.358604322,2017-12
2018-01-02,1109333.1586043218,2018-01
2018-01-03,1109483.558604322,2018-01
2018-01-04,1110526.9586043218,2018-01
2018-01-05,1110855.958604322,2018-01
2018-01-08,1111015.7586043219,2018-01
2018-01-09,1110160.358604322,2018-01
2018-01-10,1110226.158604322,2018-01
2018-01-11,1110226.158604322,2018-01
2018-01-12,1110536.358604322,2018-01
2018-01-15,1110630.358604322,2018-01
2018-01-16,1110705.558604322,2018-01
2018-01-17,1110743.1586043218,2018-01
2018-01-18,1110855.958604322,2018-01
2018-01-19,1111100.358604322,2018-01
2018-01-22,1111354.158604322,2018-01
2018-01-23,1111372.9586043218,2018-01
2018-01-24,1111476.358604322,2018-01
2018-01-25,1111617.358604322,2018-01
2018-01-26,1111927.558604322,2018-01
2018-01-29,1112153.158604322,2018-01
2018-01-30,1112350.558604322,2018-01
2018-01-31,1112688.9586043218,2018-01
2018-02-01,1112999.158604322,2018-02
2018-02-02,1113544.358604322,2018-02
2018-02-05,1113469.158604322,2018-02
2018-02-06,1113196.558604322,2018-02
2018-02-07,1112914.558604322,2018-02
2018-02-08,1113102.558604322,2018-02
2018-02-09,1113365.7586043219,2018-02
2018-02-12,1113685.358604322,2018-02
2018-02-13,1114211.758604322,2018-02
2018-02-14,1115546.558604322,2018-02
2018-02-22,1114719.358604322,2018-02
2018-02-23,1115048.3586043217,2018-02
2018-02-26,1115114.1586043218,2018-02
2018-02-27,1115170.558604322,2018-02
2018-02-28,1115302.1586043218,2018-02
2018-03-01,1115424.358604322,2018-03
2018-03-02,1115715.7586043219,2018-03
2018-03-05,1115875.5586043217,2018-03
2018-03-06,1115960.158604322,2018-03
2018-03-07,1116025.958604322,2018-03
2018-03-08,1116166.958604322,2018-03
2018-03-09,1116298.558604322,2018-03
2018-03-12,1116354.9586043218,2018-03
2018-03-13,1116589.9586043218,2018-03
2018-03-14,1116740.358604322,2018-03
2018-03-15,1116834.358604322,2018-03
2018-03-16,1117050.558604322,2018-03
2018-03-19,1117172.7586043219,2018-03
2018-03-20,1117351.358604322,2018-03
2018-03-21,1117370.1586043218,2018-03
2018-03-22,1117576.9586043218,2018-03
2018-03-23,1118056.358604322,2018-03
2018-03-26,1117887.158604322,2018-03
2018-03-27,1117934.1586043218,2018-03
2018-03-28,1117999.9586043218,2018-03
2018-03-29,1117755.558604322,2018-03
2018-03-30,1118394.7586043219,2018-03
2018-04-02,1118714.3586043217,2018-04
2018-04-03,1119306.558604322,2018-04
2018-04-04,1119663.7586043219,2018-04
2018-04-09,1120002.158604322,2018-04
2018-04-10,1120237.158604322,2018-04
2018-04-11,1119908.1586043218,2018-04
2018-04-12,1119898.7586043219,2018-04
2018-04-13,1120124.358604322,2018-04
2018-04-16,1120124.358604322,2018-04
2018-04-17,1120161.958604322,2018-04
2018-04-18,1120208.9586043218,2018-04
2018-04-19,1120096.158604322,2018-04
2018-04-20,1120349.9586043218,2018-04
2018-04-23,1120237.158604322,2018-04
2018-04-24,1120274.7586043219,2018-04
2018-04-25,1120660.158604322,2018-04
2018-04-26,1120951.558604322,2018-04
2018-04-27,1121712.958604322,2018-04
2018-05-02,1122107.7586043219,2018-05
2018-05-03,1122154.7586043219,2018-05
2018-05-04,1122464.958604322,2018-05
2018-05-07,1122596.558604322,2018-05
2018-05-08,1122361.558604322,2018-05
2018-05-09,1122380.358604322,2018-05
2018-05-10,1122389.7586043219,2018-05
2018-05-11,1122662.358604322,2018-05
2018-05-14,1122605.9586043218,2018-05
2018-05-15,1122850.3586043217,2018-05
2018-05-16,1122972.558604322,2018-05
2018-05-17,1123075.9586043218,2018-05
2018-05-18,1123367.358604322,2018-05
2018-05-21,1123386.1586043218,2018-05
2018-05-22,1123639.958604322,2018-05
2018-05-23,1123837.358604322,2018-05
2018-05-24,1123903.158604322,2018-05
2018-05-25,1123940.7586043219,2018-05
2018-05-28,1124006.558604322,2018-05
2018-05-29,1123997.158604322,2018-05
2018-05-30,1123987.7586043219,2018-05
2018-05-31,1124203.9586043218,2018-05
2018-06-01,1124561.158604322,2018-06
2018-06-04,1124824.358604322,2018-06
2018-06-05,1124927.758604322,2018-06
2018-06-06,1125021.7586043219,2018-06
2018-06-07,1125134.558604322,2018-06
2018-06-08,1125369.558604322,2018-06
2018-06-11,1125538.7586043219,2018-06
2018-06-12,1125585.7586043219,2018-06
2018-06-13,1125585.7586043219,2018-06
2018-06-14,1125764.3586043217,2018-06
2018-06-15,1126046.358604322,2018-06
2018-06-19,1126093.358604322,2018-06
2018-06-20,1126412.9586043218,2018-06
2018-06-21,1126516.3586043217,2018-06
2018-06-22,1126563.358604322,2018-06
2018-06-25,1126713.7586043219,2018-06
2018-06-26,1126826.558604322,2018-06
2018-06-27,1126788.9586043218,2018-06
2018-06-28,1126901.7586043219,2018-06
2018-06-29,1127352.958604322,2018-06
2018-07-02,1127822.9586043218,2018-07
2018-07-03,1128386.9586043218,2018-07
2018-07-04,1129317.558604322,2018-07
2018-07-05,1130003.7586043219,2018-07
2018-07-06,1130407.9586043218,2018-07
2018-07-09,1130276.358604322,2018-07
2018-07-10,1130078.9586043218,2018-07
2018-07-11,1129956.7586043219,2018-07
2018-07-12,1128518.558604322,2018-07
2018-07-13,1128932.1586043218,2018-07
2018-07-16,1129054.358604322,2018-07
2018-07-17,1129261.158604322,2018-07
2018-07-18,1129279.9586043218,2018-07
2018-07-19,1129439.7586043219,2018-07
2018-07-20,1129552.558604322,2018-07
2018-07-23,1129646.558604322,2018-07
2018-07-24,1129561.958604322,2018-07
2018-07-25,1129721.7586043219,2018-07
2018-07-26,1129928.558604322,2018-07
2018-07-27,1130097.7586043219,2018-07
2018-07-30,1130276.358604322,2018-07
2018-07-31,1130445.558604322,2018-07
2018-08-01,1130577.158604322,2018-08
2018-08-02,1130765.1586043218,2018-08
2018-08-03,1131037.7586043219,2018-08
2018-08-06,1131075.3586043217,2018-08
2018-08-07,1131084.7586043219,2018-08
2018-08-08,1131159.958604322,2018-08
2018-08-09,1131197.558604322,2018-08
2018-08-10,1131432.5586043217,2018-08
2018-08-13,1131554.7586043219,2018-08
2018-08-14,1131582.958604322,2018-08
2018-08-15,1131752.1586043218,2018-08
2018-08-16,1131836.758604322,2018-08
2018-08-17,1132034.1586043218,2018-08
2018-08-20,1132128.158604322,2018-08
2018-08-21,1132240.9586043218,2018-08
2018-08-22,1132400.758604322,2018-08
2018-08-23,1132786.158604322,2018-08
2018-08-24,1132833.1586043218,2018-08
2018-08-27,1132645.158604322,2018-08
2018-08-28,1132786.158604322,2018-08
2018-08-29,1133021.158604322,2018-08
2018-08-30,1133199.7586043219,2018-08
2018-08-31,1133472.358604322,2018-08
2018-09-03,1133387.7586043219,2018-09
2018-09-04,1133434.758604322,2018-09
2018-09-05,1133359.558604322,2018-09
2018-09-06,1133519.358604322,2018-09
2018-09-07,1133425.358604322,2018-09
2018-09-10,1133801.358604322,2018-09
2018-09-11,1133650.9586043218,2018-09
2018-09-12,1133895.358604322,2018-09
2018-09-13,1133895.3586043217,2018-09
2018-09-14,1134092.7586043219,2018-09
2018-09-17,1134243.1586043218,2018-09
2018-09-18,1134243.1586043218,2018-09
2018-09-19,1134243.158604322,2018-09
2018-09-20,1134346.558604322,2018-09
2018-09-21,1134271.358604322,2018-09
2018-09-25,1134543.958604322,2018-09
2018-09-26,1134581.558604322,2018-09
2018-09-27,1134769.558604322,2018-09
2018-09-28,1135615.558604322,2018-09
2018-10-08,1136010.358604322,2018-10
2018-10-09,1136094.9586043218,2018-10
2018-10-10,1136141.9586043218,2018-10
2018-10-11,1136066.7586043219,2018-10
2018-10-12,1136320.558604322,2018-10
2018-10-15,1136423.9586043218,2018-10
2018-10-16,1136386.358604322,2018-10
2018-10-17,1136461.558604322,2018-10
2018-10-18,1136602.558604322,2018-10
2018-10-19,1136649.558604322,2018-10
2018-10-22,1136489.7586043219,2018-10
2018-10-23,1136752.958604322,2018-10
2018-10-24,1136922.1586043218,2018-10
2018-10-25,1137006.7586043219,2018-10
2018-10-26,1137157.1586043218,2018-10
2018-10-29,1137288.7586043219,2018-10
2018-10-30,1136602.3644372215,2018-10
2018-10-31,1131212.3055393817,2018-10
2018-11-01,1132434.3055393817,2018-11
2018-11-02,1132645.8055393817,2018-11
2018-11-05,1133003.0055393819,2018-11
2018-11-06,1133468.3055393817,2018-11
2018-11-07,1133689.2055393816,2018-11
2018-11-08,1131456.7055393816,2018-11
2018-11-09,1130305.2055393816,2018-11
2018-11-12,1126159.8055393817,2018-11
2018-11-13,1124308.0055393819,2018-11
2018-11-14,1124110.6055393817,2018-11
2018-11-15,1127278.4055393818,2018-11
2018-11-16,1128194.9055393818,2018-11
2018-11-19,1129727.1055393815,2018-11
2018-11-20,1131851.5055393816,2018-11
2018-11-21,1131752.8055393817,2018-11
2018-11-22,1132871.4055393816,2018-11
2018-11-23,1133632.8055393817,2018-11
2018-11-26,1132843.2055393816,2018-11
2018-11-27,1131818.6055393815,2018-11
2018-11-28,1129200.7055393816,2018-11
2018-11-29,1133599.9055393816,2018-11
2018-11-30,1133867.8055393817,2018-11
2018-12-03,1131749.7099313017,2018-12
2018-12-04,1133271.7592054217,2018-12
2018-12-05,1130656.1592054218,2018-12
2018-12-06,1121180.0592054217,2018-12
2018-12-07,1123162.8592054218,2018-12
2018-12-10,1121922.6592054216,2018-12
2018-12-11,1123251.2592054217,2018-12
2018-12-12,1122409.7592054217,2018-12
2018-12-13,1126350.1592054218,2018-12
2018-12-14,1115076.1592054216,2018-12
2018-12-17,1117633.3592054215,2018-12
2018-12-18,1112630.9592054216,2018-12
2018-12-19,1111025.0592054217,2018-12
2018-12-20,1109717.6782685416,2018-12
2018-12-21,1112132.6479665418,2018-12
2018-12-24,1114190.847966542,2018-12
2018-12-25,1118569.8479665418,2018-12
2018-12-26,1118263.747966542,2018-12
2018-12-27,1116361.9479665419,2018-12
2018-12-28,1120167.247966542,2018-12
2019-01-02,1122425.747966542,2019-01
2019-01-03,1128924.847966542,2019-01
2019-01-04,1126297.5479665417,2019-01
2019-01-07,1124160.747966542,2019-01
2019-01-08,1121331.4479665419,2019-01
2019-01-09,1118829.1479665418,2019-01
2019-01-10,1120026.347966542,2019-01
2019-01-11,1116503.747966542,2019-01
2019-01-14,1116950.3479665418,2019-01
2019-01-15,1115762.347966542,2019-01
2019-01-16,1116208.9479665419,2019-01
2019-01-17,1117615.6479665418,2019-01
2019-01-18,1117857.347966542,2019-01
2019-01-21,1115700.0479665417,2019-01
2019-01-22,1115559.5479665417,2019-01
2019-01-23,1116238.6479665418,2019-01
2019-01-24,1115851.8479665418,2019-01
2019-01-25,1115338.347966542,2019-01
2019-01-28,1120559.9479665419,2019-01
2019-01-29,1122682.5479665417,2019-01
2019-01-30,1124457.6479665418,2019-01
2019-01-31,1123543.5479665417,2019-01
2019-02-01,1126994.247966542,2019-02
2019-02-11,1124544.6479665418,2019-02
2019-02-12,1126770.9479665419,2019-02
2019-02-13,1126001.9479665416,2019-02
2019-02-14,1125251.3479665418,2019-02
2019-02-15,1128916.5479665417,2019-02
2019-02-18,1131944.0479665417,2019-02
2019-02-19,1132436.6479665418,2019-02
2019-02-20,1136479.4479665416,2019-02
2019-02-21,1132901.6479665418,2019-02
2019-02-22,1128909.4479665419,2019-02
2019-02-25,1128444.4479665419,2019-02
2019-02-26,1128099.0479665417,2019-02
2019-02-27,1127393.844039782,2019-02
2019-02-28,1112871.860248342,2019-02
2019-03-01,1124434.360248342,2019-03
2019-03-04,1120915.960248342,2019-03
2019-03-05,1118679.8602483417,2019-03
2019-03-06,1141961.8602483422,2019-03
2019-03-07,1158164.495648342,2019-03
2019-03-08,1118251.280273702,2019-03
2019-03-11,1141838.447912222,2019-03
2019-03-12,1155247.429980702,2019-03
2019-03-13,1136598.229980702,2019-03
2019-03-14,1139173.947643782,2019-03
2019-03-15,1144784.8718234622,2019-03
2019-03-18,1143485.1087343823,2019-03
2019-03-19,1143666.381220302,2019-03
2019-03-20,1138164.6812203024,2019-03
2019-03-21,1138016.6812203024,2019-03
2019-03-22,1143390.9812203022,2019-03
2019-03-25,1129455.0812203023,2019-03
2019-03-26,1121852.5812203023,2019-03
2019-03-27,1127448.6812203024,2019-03
2019-03-28,1121775.0812203023,2019-03
2019-03-29,1135656.952127742,2019-03
2019-04-01,1153234.1039391023,2019-04
2019-04-02,1151166.1945391023,2019-04
2019-04-03,1170286.9945391025,2019-04
2019-04-04,1170953.4945391023,2019-04
2019-04-08,1162110.3945391024,2019-04
2019-04-09,1160882.0945391024,2019-04
2019-04-10,1151551.0945391024,2019-04
2019-04-11,1141399.3945391024,2019-04
2019-04-12,1143806.7945391024,2019-04
2019-04-15,1133756.6945391025,2019-04
2019-04-16,1148519.2945391024,2019-04
2019-04-17,1147878.1945391023,2019-04
2019-04-18,1141092.6945391025,2019-04
2019-04-19,1149370.1945391023,2019-04
2019-04-22,1138523.8945391022,2019-04
2019-04-23,1138795.3945391022,2019-04
2019-04-24,1150267.5945391024,2019-04
2019-04-25,1133305.1945391023,2019-04
2019-04-26,1134483.5945391024,2019-04
2019-04-29,1118134.2945391024,2019-04
2019-04-30,1116963.3661856623,2019-04
2019-05-06,1079039.1176796625,2019-05
2019-05-07,1077853.1255834424,2019-05
2019-05-08,1066993.8697759425,2019-05
2019-05-09,1067037.8697759425,2019-05
2019-05-10,1067351.2697759424,2019-05
2019-05-13,1070039.8697759425,2019-05
2019-05-14,1063659.8697759425,2019-05
2019-05-15,1068052.8697759425,2019-05
2019-05-16,1068052.8697759425,2019-05
2019-05-17,1074887.0697759427,2019-05
2019-05-20,1074586.8697759425,2019-05
2019-05-21,1072312.8697759425,2019-05
2019-05-22,1073487.2697759427,2019-05
2019-05-23,1069712.2697759424,2019-05
2019-05-24,1066873.0697759427,2019-05
2019-05-27,1067204.0697759427,2019-05
2019-05-28,1069005.269775943,2019-05
2019-05-29,1060554.6697759428,2019-05
2019-05-30,1059750.8697759428,2019-05
2019-05-31,1055454.6697759428,2019-05
2019-06-03,1050531.6697759428,2019-06
2019-06-04,1052332.8697759425,2019-06
2019-06-05,1051729.6866835826,2019-06
2019-06-06,1051297.1037834627,2019-06
2019-06-10,1051391.7037834628,2019-06
2019-06-11,1051391.7037834628,2019-06
2019-06-12,1051494.9037834627,2019-06
2019-06-13,1050901.5035142826,2019-06
2019-06-14,1058307.9698261828,2019-06
2019-06-17,1051450.2698261829,2019-06
2019-06-18,1055182.569826183,2019-06
2019-06-19,1052483.4698261828,2019-06
2019-06-20,1063960.2698261826,2019-06
2019-06-21,1068488.8698261827,2019-06
2019-06-24,1072423.4698261828,2019-06
2019-06-25,1083964.7698261826,2019-06
2019-06-26,1073753.5698261827,2019-06
2019-06-27,1072324.3698261827,2019-06
2019-06-28,1074007.4698261828,2019-06
2019-07-01,1060748.4698261828,2019-07
2019-07-02,1066512.5698261827,2019-07
2019-07-03,1081773.2698261826,2019-07
2019-07-04,1076000.3698261827,2019-07
2019-07-05,1077141.0698261827,2019-07
2019-07-08,1074888.5275920026,2019-07
2019-07-09,1069549.0102877228,2019-07
2019-07-10,1070461.2102877228,2019-07
2019-07-11,1079743.0102877226,2019-07
2019-07-12,1078866.2102877228,2019-07
2019-07-15,1081939.1102877227,2019-07
2019-07-16,1080689.6102877227,2019-07
2019-07-17,1076518.2102877228,2019-07
2019-07-18,1076847.6102877227,2019-07
2019-07-19,1085452.0102877226,2019-07
2019-07-22,1081013.1102877227,2019-07
2019-07-23,1079915.4102877227,2019-07
2019-07-24,1083106.0102877226,2019-07
2019-07-25,1085450.8102877229,2019-07
2019-07-26,1082889.1102877227,2019-07
2019-07-29,1084296.0397661228,2019-07
2019-07-30,1087929.304335723,2019-07
2019-07-31,1087163.1210871427,2019-07
2019-08-01,1078424.2668820228,2019-08
2019-08-02,1074420.6668820227,2019-08
2019-08-05,1073279.566882023,2019-08
2019-08-06,1071720.5671093627,2019-08
2019-08-07,1076931.6505705426,2019-08
2019-08-08,1084536.7505705429,2019-08
2019-08-09,1083211.8944312427,2019-08
2019-08-12,1088722.331632203,2019-08
2019-08-13,1093562.031632203,2019-08
2019-08-14,1085870.831632203,2019-08
2019-08-15,1095134.5316322031,2019-08
2019-08-16,1099194.5316322031,2019-08
2019-08-19,1111320.331632203,2019-08
2019-08-20,1106301.661232203,2019-08
2019-08-21,1105721.5612322027,2019-08
2019-08-22,1107998.361232203,2019-08
2019-08-23,1107942.361232203,2019-08
2019-08-26,1117369.6612322028,2019-08
2019-08-27,1123962.1612322028,2019-08
2019-08-28,1123711.7445322028,2019-08
2019-08-29,1126459.444532203,2019-08
2019-08-30,1118336.944532203,2019-08
2019-09-02,1127241.344532203,2019-09
2019-09-03,1129565.444532203,2019-09
2019-09-04,1133776.144532203,2019-09
2019-09-05,1140097.644532203,2019-09
2019-09-06,1129437.4445322028,2019-09
2019-09-09,1140028.5445322029,2019-09
2019-09-10,1132309.4445322028,2019-09
2019-09-11,1128516.344532203,2019-09
2019-09-12,1130495.944532203,2019-09
2019-09-16,1131783.0445322029,2019-09
2019-09-17,1122917.344532203,2019-09
2019-09-18,1124060.444532203,2019-09
2019-09-19,1127548.330627643,2019-09
2019-09-20,1127611.004102163,2019-09
2019-09-23,1126878.404102163,2019-09
2019-09-24,1129880.504102163,2019-09
2019-09-25,1126306.304102163,2019-09
2019-09-26,1114977.304102163,2019-09
2019-09-27,1117080.904102163,2019-09
2019-09-30,1113076.004102163,2019-09
2019-10-08,1107448.004102163,2019-10
2019-10-09,1106365.9055640032,2019-10
2019-10-10,1113328.8985918635,2019-10
2019-10-11,1112029.8985918635,2019-10
2019-10-14,1109384.2985918634,2019-10
2019-10-15,1105485.6985918633,2019-10
2019-10-16,1102935.0985918634,2019-10
2019-10-17,1103206.8264158634,2019-10
2019-10-18,1100895.1568995633,2019-10
2019-10-21,1099484.9568995633,2019-10
2019-10-22,1106746.7568995631,2019-10
2019-10-23,1100845.6568995633,2019-10
2019-10-24,1102264.8568995632,2019-10
2019-10-25,1110249.7568995634,2019-10
2019-10-28,1120646.2568995634,2019-10
2019-10-29,1113110.6568995635,2019-10
2019-10-30,1111440.1568995633,2019-10
2019-10-31,1107685.8568995632,2019-10
2019-11-01,1113600.4568995633,2019-11
2019-11-04,1116739.6568995635,2019-11
2019-11-05,1121917.6568995633,2019-11
2019-11-06,1118190.3568995637,2019-11
2019-11-07,1122721.7568995634,2019-11
2019-11-08,1120768.4568995633,2019-11
2019-11-11,1108755.4568995633,2019-11
2019-11-12,1108100.9826471633,2019-11
2019-11-13,1107411.3354243634,2019-11
2019-11-14,1107438.3354243634,2019-11
2019-11-15,1107510.3354243634,2019-11
2019-11-18,1106901.8658543634,2019-11
2019-11-19,1117608.2265429236,2019-11
2019-11-20,1114032.1265429235,2019-11
2019-11-21,1110402.0265429234,2019-11
2019-11-22,1096887.0265429234,2019-11
2019-11-25,1083313.5265429234,2019-11
2019-11-26,1087414.8265429235,2019-11
2019-11-27,1093010.7265429236,2019-11
2019-11-28,1092494.5265429234,2019-11
2019-11-29,1091950.9648045236,2019-11
2019-12-02,1091352.3957139435,2019-12
2019-12-03,1091396.3957139435,2019-12
2019-12-04,1091457.9957139436,2019-12
2019-12-05,1091440.3957139435,2019-12
2019-12-06,1091554.7957139434,2019-12
2019-12-09,1091713.1957139433,2019-12
2019-12-10,1091721.9957139436,2019-12
2019-12-11,1091748.3957139435,2019-12
2019-12-12,1091845.1957139433,2019-12
2019-12-13,1091862.7957139434,2019-12
2019-12-16,1091528.7196351434,2019-12
2019-12-17,1096458.9085077834,2019-12
2019-12-18,1092201.1085077834,2019-12
2019-12-19,1090378.3442840634,2019-12
2019-12-20,1082053.2685602233,2019-12
2019-12-23,1066306.2685602235,2019-12
2019-12-24,1079031.7685602235,2019-12
2019-12-25,1084285.9685602235,2019-12
2019-12-26,1088803.2685602235,2019-12
2019-12-27,1076638.6685602234,2019-12
2019-12-30,1084982.3685602234,2019-12
2019-12-31,1088634.1685602234,2019-12
2020-01-02,1103189.4685602235,2020-01
2020-01-03,1104222.9685602235,2020-01
2020-01-06,1113007.8685602234,2020-01
2020-01-07,1122495.4685602235,2020-01
2020-01-08,1111920.7685602235,2020-01
2020-01-09,1126718.1136430835,2020-01
2020-01-10,1123284.3219070435,2020-01
2020-01-13,1139384.8219070435,2020-01
2020-01-14,1130452.3443073635,2020-01
2020-01-15,1132592.1105225435,2020-01
2020-01-16,1134920.0105225435,2020-01
2020-01-17,1134469.4105225434,2020-01
2020-01-20,1163803.1105225435,2020-01
2020-01-21,1150885.4105225436,2020-01
2020-01-22,1171887.6105225435,2020-01
2020-01-23,1132137.7803225436,2020-01
2020-02-03,1069553.2110079834,2020-02
2020-02-04,1082011.3734549237,2020-02
2020-02-05,1081698.6915925238,2020-02
2020-02-06,1086406.4915925236,2020-02
2020-02-07,1087665.4116060436,2020-02
2020-02-10,1089880.2502484438,2020-02
2020-02-11,1098015.9502484438,2020-02
2020-02-12,1114825.850248444,2020-02
2020-02-13,1122573.850248444,2020-02
2020-02-14,1115118.8502484437,2020-02
2020-02-17,1145463.0140686037,2020-02
2020-02-18,1154142.061747284,2020-02
2020-02-19,1147893.514747284,2020-02
2020-02-20,1170708.0844008438,2020-02
2020-02-21,1190331.5028979639,2020-02
2020-02-24,1223266.5028979639,2020-02
2020-02-25,1228489.176997964,2020-02
2020-02-26,1195593.984950004,2020-02
2020-02-27,1192241.8605565836,2020-02
2020-02-28,1162955.0160348637,2020-02
2020-03-02,1161509.4502319037,2020-03
2020-03-03,1160648.6507459837,2020-03
2020-03-04,1172408.201884544,2020-03
2020-03-05,1171217.1237721837,2020-03
2020-03-06,1170768.1763888437,2020-03
2020-03-09,1129131.0763888438,2020-03
2020-03-10,1124846.2646428638,2020-03
2020-03-11,1120943.2591071238,2020-03
2020-03-12,1105354.0591071239,2020-03
2020-03-13,1094817.095376404,2020-03
2020-03-16,1031399.203106244,2020-03
2020-03-17,1029935.912112104,2020-03
2020-03-18,1028751.0556235441,2020-03
2020-03-19,1028783.8556235442,2020-03
2020-03-20,1028501.5451667043,2020-03
2020-03-23,1012391.3907883445,2020-03
2020-03-24,1027848.4907883445,2020-03
2020-03-25,1050736.7907883446,2020-03
2020-03-26,1066985.3907883447,2020-03
2020-03-27,1055689.9720579446,2020-03
2020-03-30,1039601.2136076046,2020-03
2020-03-31,1038391.0301451648,2020-03
2020-04-01,1037271.3309753449,2020-04
2020-04-02,1037279.5309753449,2020-04
2020-04-03,1037492.7309753449,2020-04
2020-04-07,1037500.930975345,2020-04
2020-04-08,1037566.5309753449,2020-04
2020-04-09,1037623.930975345,2020-04
2020-04-10,1037787.9309753448,2020-04
2020-04-13,1037828.9309753448,2020-04
2020-04-14,1037845.3309753449,2020-04
2020-04-15,1037837.1309753448,2020-04
2020-04-16,1037869.930975345,2020-04
2020-04-17,1037869.930975345,2020-04
2020-04-20,1037951.9309753448,2020-04
2020-04-21,1038050.3309753449,2020-04
2020-04-22,1038099.5309753448,2020-04
2020-04-23,1038115.9309753448,2020-04
2020-04-24,1038222.5309753448,2020-04
2020-04-27,1038255.3309753449,2020-04
2020-04-28,1038067.6825229649,2020-04
2020-04-29,1037969.4307229649,2020-04
2020-04-30,1037463.6671934449,2020-04
2020-05-06,1037521.7671934449,2020-05
2020-05-07,1037621.3671934449,2020-05
2020-05-08,1037745.8671934449,2020-05
2020-05-11,1037820.5671934448,2020-05
2020-05-12,1037315.3632378848,2020-05
2020-05-13,1043696.2096692249,2020-05
2020-05-14,1036583.6096692248,2020-05
2020-05-15,1033064.2096692249,2020-05
2020-05-18,1046845.509669225,2020-05
2020-05-19,1047322.2096692249,2020-05
2020-05-20,1042543.909669225,2020-05
2020-05-21,1041011.1556151251,2020-05
2020-05-22,1031366.7247545249,2020-05
2020-05-25,1037630.5247545249,2020-05
2020-05-26,1040059.2565882449,2020-05
2020-05-27,1032605.9816043649,2020-05
2020-05-28,1033294.7185973449,2020-05
2020-05-29,1042041.051177645,2020-05
2020-06-01,1056999.351177645,2020-06
2020-06-02,1052121.3769278652,2020-06
2020-06-03,1051033.575707205,2020-06
2020-06-04,1052974.021672405,2020-06
2020-06-05,1056569.2225839451,2020-06
2020-06-08,1054426.4590626252,2020-06
2020-06-09,1062037.056572105,2020-06
2020-06-10,1069344.5141428653,2020-06
2020-06-11,1064267.5794940651,2020-06
2020-06-12,1061811.8546051653,2020-06
2020-06-15,1053336.0894812453,2020-06
2020-06-16,1080928.913881245,2020-06
2020-06-17,1082860.543747845,2020-06
2020-06-18,1080928.7017609251,2020-06
2020-06-19,1103220.8017609252,2020-06
2020-06-22,1110401.601760925,2020-06
2020-06-23,1126768.901760925,2020-06
2020-06-24,1126252.601760925,2020-06
2020-06-29,1118575.401760925,2020-06
2020-06-30,1139261.2017609254,2020-06
2020-07-01,1132760.045069505,2020-07
2020-07-02,1141178.5585377451,2020-07
2020-07-03,1152020.3344538652,2020-07
2020-07-06,1204392.4141410652,2020-07
2020-07-07,1224803.671013205,2020-07
2020-07-08,1246150.0590848853,2020-07
2020-07-09,1291733.0590848853,2020-07
2020-07-10,1293302.2339878452,2020-07
2020-07-13,1352876.648958805,2020-07
2020-07-14,1325738.5489588054,2020-07
2020-07-15,1319965.3252850254,2020-07
2020-07-16,1240988.7101565055,2020-07
2020-07-17,1239498.5232823852,2020-07
2020-07-20,1238350.2499446855,2020-07
2020-07-21,1248000.8499446854,2020-07
2020-07-22,1246506.2903994652,2020-07
2020-07-23,1260003.8402159654,2020-07
2020-07-24,1181320.1402159655,2020-07
2020-07-27,1179901.7046213055,2020-07
2020-07-28,1183022.2726119454,2020-07
2020-07-29,1193513.3726119455,2020-07
2020-07-30,1192080.4829067052,2020-07
2020-07-31,1207170.7621996454,2020-07
2020-08-03,1228596.0621996454,2020-08
2020-08-04,1220011.1621996453,2020-08
2020-08-05,1226039.2359888854,2020-08
2020-08-06,1229612.0244553054,2020-08
2020-08-07,1216740.1639729056,2020-08
2020-08-10,1221600.0442634856,2020-08
2020-08-11,1207663.0442634854,2020-08
2020-08-12,1187234.1442634857,2020-08
2020-08-13,1189741.8686634856,2020-08
2020-08-14,1207573.6845651856,2020-08
2020-08-17,1233014.9106063056,2020-08
2020-08-18,1233812.1162950655,2020-08
2020-08-19,1205437.9370462657,2020-08
2020-08-20,1189905.0149156656,2020-08
2020-08-21,1208744.8478270054,2020-08
2020-08-24,1225813.5478270056,2020-08
2020-08-25,1237829.6600331056,2020-08
2020-08-26,1223298.7383185457,2020-08
2020-08-27,1237018.6383185457,2020-08
2020-08-28,1270853.8702565457,2020-08
2020-08-31,1273008.0392104257,2020-08
2020-09-01,1272153.6719104256,2020-09
2020-09-02,1266692.7719104257,2020-09
2020-09-03,1263899.7719104257,2020-09
2020-09-04,1244823.4719104255,2020-09
2020-09-07,1206157.8719104256,2020-09
2020-09-08,1195404.7865204457,2020-09
2020-09-09,1176758.5581481457,2020-09
2020-09-10,1176260.6581481458,2020-09
2020-09-11,1191903.1581481458,2020-09
2020-09-14,1193568.1581481458,2020-09
2020-09-15,1198406.9846884257,2020-09
2020-09-16,1185070.0093271858,2020-09
2020-09-17,1165010.5009265458,2020-09
2020-09-18,1177261.2337949057,2020-09
2020-09-21,1164774.133794906,2020-09
2020-09-22,1158546.5337949058,2020-09
2020-09-23,1159798.6738079458,2020-09
2020-09-24,1139748.469380746,2020-09
2020-09-25,1139457.1316525259,2020-09
2020-09-28,1143425.6861732057,2020-09
2020-09-29,1144764.086173206,2020-09
2020-09-30,1144450.5854722862,2020-09
2020-10-09,1161364.078583246,2020-10
2020-10-12,1169017.5785832459,2020-10
2020-10-13,1170990.3785832461,2020-10
2020-10-14,1167125.7785832458,2020-10
2020-10-15,1153735.096414286,2020-10
2020-10-16,1149734.020610766,2020-10
2020-10-19,1151672.020610766,2020-10
2020-10-20,1150542.248576966,2020-10
2020-10-21,1151242.9943088861,2020-10
2020-10-22,1158540.0943088862,2020-10
2020-10-23,1147460.0943088862,2020-10
2020-10-26,1139324.6943088863,2020-10
2020-10-27,1146936.4943088861,2020-10
2020-10-28,1166216.2943088864,2020-10
2020-10-29,1180263.894308886,2020-10
2020-10-30,1163159.3943088863,2020-10
2020-11-02,1168351.4721988463,2020-11
2020-11-03,1170679.9013666464,2020-11
2020-11-04,1180155.0013666463,2020-11
2020-11-05,1213504.4013666462,2020-11
2020-11-06,1204790.2013666462,2020-11
2020-11-09,1219465.7013666462,2020-11
2020-11-10,1222580.7013666462,2020-11
2020-11-11,1208394.6013666464,2020-11
2020-11-12,1226039.5013666463,2020-11
2020-11-13,1215819.6743666462,2020-11
2020-11-16,1214344.2211306463,2020-11
2020-11-17,1202407.830251126,2020-11
2020-11-18,1187829.9302511262,2020-11
2020-11-19,1186195.7840025062,2020-11
2020-11-20,1208806.3120167863,2020-11
2020-11-23,1223690.8120167863,2020-11
2020-11-24,1229255.8436739864,2020-11
2020-11-25,1203533.9682268063,2020-11
2020-11-26,1201811.6284617663,2020-11
2020-11-27,1197803.7472204664,2020-11
2020-11-30,1195881.1972025065,2020-11
2020-12-01,1204414.7791427467,2020-12
2020-12-02,1206462.5791427465,2020-12
2020-12-03,1199519.1791427466,2020-12
2020-12-04,1198707.8944719867,2020-12
2020-12-07,1201753.4192382267,2020-12
2020-12-08,1217925.983874207,2020-12
2020-12-09,1214122.986592127,2020-12
2020-12-10,1213898.2552038669,2020-12
2020-12-11,1208182.8020429069,2020-12
2020-12-14,1219252.202042907,2020-12
2020-12-15,1219829.709412827,2020-12
2020-12-16,1227540.643722707,2020-12
2020-12-17,1237670.047355847,2020-12
2020-12-18,1254177.587685927,2020-12
2020-12-21,1276009.2901611673,2020-12
2020-12-22,1254195.997550267,2020-12
2020-12-23,1274169.143168667,2020-12
2020-12-24,1261355.778201587,2020-12
2020-12-25,1275509.7917015871,2020-12
2020-12-28,1295439.5048951872,2020-12
2020-12-29,1263308.923876407,2020-12
2020-12-30,1262310.2618011672,2020-12
2020-12-31,1291003.8518106872,2020-12
2021-01-04,1340962.3518106872,2021-01
2021-01-05,1367516.8498055271,2021-01
2021-01-06,1364778.9121541472,2021-01
2021-01-07,1389669.312154147,2021-01
2021-01-08,1364195.4121541472,2021-01
2021-01-11,1317645.4121541474,2021-01
2021-01-12,1338604.0172075273,2021-01
2021-01-13,1321036.1552850474,2021-01
2021-01-14,1287068.9552850474,2021-01
2021-01-15,1287989.0794553075,2021-01
2021-01-18,1294642.0864403076,2021-01
2021-01-19,1265134.5864403073,2021-01
2021-01-20,1291713.6137209474,2021-01
2021-01-21,1319513.1320188674,2021-01
2021-01-22,1333874.8320188671,2021-01
2021-01-25,1361938.7068188675,2021-01
2021-01-26,1317283.7917646675,2021-01
2021-01-27,1307697.2048963872,2021-01
2021-01-28,1269553.8048963873,2021-01
2021-01-29,1272602.0787542672,2021-01
2021-02-01,1279348.8979538875,2021-02
2021-02-02,1310229.8979538875,2021-02
2021-02-03,1299632.6333223674,2021-02
2021-02-04,1290351.6347321074,2021-02
2021-02-05,1292927.7629321076,2021-02
2021-02-08,1304732.1629321075,2021-02
2021-02-09,1344124.9048321075,2021-02
2021-02-10,1370737.2132565076,2021-02
2021-02-18,1323309.1492747273,2021-02
2021-02-19,1316699.7504731475,2021-02
2021-02-22,1279108.1727860477,2021-02
2021-02-23,1277422.9673745679,2021-02
2021-02-24,1250374.4940766077,2021-02
2021-02-25,1248880.4015025878,2021-02
2021-02-26,1232622.068711228,2021-02
2021-03-01,1243736.9169702078,2021-03
2021-03-02,1224086.6500154282,2021-03
2021-03-03,1235317.0555248482,2021-03
2021-03-04,1190941.207904828,2021-03
2021-03-05,1189846.927479848,2021-03
2021-03-08,1188773.981286848,2021-03
2021-03-09,1188783.381286848,2021-03
2021-03-10,1188877.381286848,2021-03
2021-03-11,1188943.1812868482,2021-03
2021-03-12,1189121.781286848,2021-03
2021-03-15,1189413.1812868482,2021-03
2021-03-16,1189300.381286848,2021-03
2021-03-17,1189243.9812868482,2021-03
2021-03-18,1189234.581286848,2021-03
2021-03-19,1189394.381286848,2021-03
2021-03-22,1189497.781286848,2021-03
2021-03-23,1189572.9812868482,2021-03
2021-03-24,1189629.3812868479,2021-03
2021-03-25,1189648.1812868482,2021-03
2021-03-26,1189723.381286848,2021-03
2021-03-29,1189789.1812868482,2021-03
2021-03-30,1189789.1812868482,2021-03
2021-03-31,1190014.781286848,2021-03
2021-04-01,1190089.981286848,2021-04
2021-04-02,1190259.1812868482,2021-04
2021-04-06,1190334.381286848,2021-04
2021-04-07,1190418.9812868482,2021-04
2021-04-08,1190418.981286848,2021-04
2021-04-09,1190606.9812868482,2021-04
2021-04-12,1190719.781286848,2021-04
2021-04-13,1189802.5326213478,2021-04
2021-04-14,1189793.922621348,2021-04
2021-04-15,1189182.656363748,2021-04
2021-04-16,1189220.256363748,2021-04
2021-04-19,1189210.856363748,2021-04
2021-04-20,1189342.456363748,2021-04
2021-04-21,1189380.056363748,2021-04
2021-04-22,1189445.856363748,2021-04
2021-04-23,1189577.456363748,2021-04
2021-04-26,1189586.856363748,2021-04
2021-04-27,1188845.3881593482,2021-04
2021-04-28,1203875.6063859481,2021-04
2021-04-29,1205323.506385948,2021-04
2021-04-30,1187956.306385948,2021-04
2021-05-06,1234474.6063859481,2021-05
2021-05-07,1262565.223462348,2021-05
2021-05-10,1310083.6393702284,2021-05
2021-05-11,1273840.1375551883,2021-05
2021-05-12,1272429.0798941082,2021-05
2021-05-13,1271361.8497259482,2021-05
2021-05-14,1271220.4497259483,2021-05
2021-05-17,1271432.5497259484,2021-05
2021-05-18,1271614.3497259482,2021-05
2021-05-19,1270613.8543437081,2021-05
2021-05-20,1242461.4998627084,2021-05
2021-05-21,1242193.0837756684,2021-05
2021-05-24,1249326.4845164884,2021-05
2021-05-25,1262279.7841589884,2021-05
2021-05-26,1256034.3465230686,2021-05
2021-05-27,1266863.5073113285,2021-05
2021-05-28,1253442.9334270484,2021-05
2021-05-31,1270019.1334270486,2021-05
2021-06-01,1280554.715721849,2021-06
2021-06-02,1258644.7647218485,2021-06
2021-06-03,1251578.9647218487,2021-06
2021-06-04,1273146.7647218485,2021-06
2021-06-07,1275038.4647218485,2021-06
2021-06-08,1247128.9257218486,2021-06
2021-06-09,1245986.9302055687,2021-06
2021-06-10,1276671.4333338886,2021-06
2021-06-11,1278379.3528892887,2021-06
2021-06-15,1265991.4340839288,2021-06
2021-06-16,1211032.7340839289,2021-06
2021-06-17,1217165.7645840887,2021-06
2021-06-18,1217710.0945750088,2021-06
2021-06-21,1215997.4097173887,2021-06
2021-06-22,1221633.2495261692,2021-06
2021-06-23,1238033.249526169,2021-06
2021-06-24,1232835.758003589,2021-06
2021-06-25,1257163.897275969,2021-06
2021-06-28,1261903.297275969,2021-06
2021-06-29,1262763.485302669,2021-06
2021-06-30,1297000.802230069,2021-06
2021-07-01,1269433.6022300692,2021-07
2021-07-02,1250985.702230069,2021-07
2021-07-05,1280240.2022300689,2021-07
2021-07-06,1262677.102230069,2021-07
2021-07-07,1322325.0942300688,2021-07
2021-07-08,1341888.2158514692,2021-07
2021-07-09,1346119.342137609,2021-07
2021-07-12,1378671.388391689,2021-07
2021-07-13,1364705.8985982493,2021-07
2021-07-14,1345841.863557849,2021-07
2021-07-15,1371740.2346284492,2021-07
2021-07-16,1358948.3346284493,2021-07
2021-07-19,1359819.9969674093,2021-07
2021-07-20,1373610.5365730491,2021-07
2021-07-21,1422793.2365730493,2021-07
2021-07-22,1441083.3365730492,2021-07
2021-07-23,1432817.0365730494,2021-07
2021-07-26,1431176.1843083494,2021-07
2021-07-27,1389962.0865792895,2021-07
2021-07-28,1382439.2052267694,2021-07
2021-07-29,1438380.5510420492,2021-07
2021-07-30,1452534.1510420493,2021-07
2021-08-02,1465832.3789598895,2021-08
2021-08-03,1434976.9298010096,2021-08
2021-08-04,1466261.5595054096,2021-08
2021-08-05,1463582.9443250897,2021-08
2021-08-06,1462735.0209223498,2021-08
2021-08-09,1438993.6337915296,2021-08
2021-08-10,1438306.3036049698,2021-08
2021-08-11,1442737.2570734697,2021-08
2021-08-12,1437180.2570734697,2021-08
2021-08-13,1417046.3312539698,2021-08
2021-08-16,1383693.3646807699,2021-08
2021-08-17,1363974.8867859696,2021-08
2021-08-18,1369653.2886383298,2021-08
2021-08-19,1380937.5886383299,2021-08
2021-08-20,1382516.1329901298,2021-08
2021-08-23,1419032.8879207098,2021-08
2021-08-24,1434200.8757155095,2021-08
2021-08-25,1449181.82738331,2021-08
2021-08-26,1437078.8343183498,2021-08
2021-08-27,1449782.11409115,2021-08
2021-08-30,1474294.2899549499,2021-08
2021-08-31,1498015.30833935,2021-08
2021-09-01,1444707.4575393498,2021-09
2021-09-02,1466247.4155647499,2021-09
2021-09-03,1436865.5306971099,2021-09
2021-09-06,1455987.1306971097,2021-09
2021-09-07,1488159.2734719901,2021-09
2021-09-08,1486920.1850889702,2021-09
2021-09-09,1528697.55405577,2021-09
2021-09-10,1508618.20348393,2021-09
2021-09-13,1500080.3561285702,2021-09
2021-09-14,1480459.7501014902,2021-09
2021-09-15,1495629.6639154302,2021-09
2021-09-16,1438202.6347409303,2021-09
2021-09-17,1436617.4339743704,2021-09
2021-09-22,1429521.4182618107,2021-09
2021-09-23,1435096.256602251,2021-09
2021-09-24,1436795.732654751,2021-09
2021-09-27,1412525.336923591,2021-09
2021-09-28,1402615.257219591,2021-09
2021-09-29,1400791.168576611,2021-09
2021-09-30,1416683.7703890114,2021-09
2021-10-08,1401986.1703890113,2021-10
2021-10-11,1390653.670389011,2021-10
2021-10-12,1371312.0238405713,2021-10
2021-10-13,1372146.3101856713,2021-10
2021-10-14,1369487.3945599713,2021-10
2021-10-15,1370126.3945599715,2021-10
2021-10-18,1370641.1945599713,2021-10
2021-10-19,1372501.019504371,2021-10
2021-10-20,1334783.8195958114,2021-10
2021-10-21,1333736.1887901516,2021-10
2021-10-22,1332591.2400121116,2021-10
2021-10-25,1332696.2400121116,2021-10
2021-10-26,1332769.7400121118,2021-10
2021-10-27,1332916.7400121118,2021-10
2021-10-28,1332727.7400121116,2021-10
2021-10-29,1332937.7400121116,2021-10
2021-11-01,1332979.7400121116,2021-11
2021-11-02,1332215.0264201118,2021-11
2021-11-03,1341506.8417345118,2021-11
2021-11-04,1346656.7417345117,2021-11
2021-11-05,1327130.3417345118,2021-11
2021-11-08,1323983.9021954718,2021-11
2021-11-09,1324801.085523672,2021-11
2021-11-10,1309820.8855236717,2021-11
2021-11-11,1311984.8855236717,2021-11
2021-11-12,1309844.0855236717,2021-11
2021-11-15,1303040.0241783117,2021-11
2021-11-16,1311660.693173912,2021-11
2021-11-17,1316667.9931739117,2021-11
2021-11-18,1315790.6134925717,2021-11
2021-11-19,1326969.008963652,2021-11
2021-11-22,1343372.6089636518,2021-11
2021-11-23,1341287.186432112,2021-11
2021-11-24,1342599.4870598319,2021-11
2021-11-25,1337487.1682739118,2021-11
2021-11-26,1336968.240816952,2021-11
2021-11-29,1346466.940578332,2021-11
2021-11-30,1335700.635009612,2021-11
2021-12-01,1334920.388053192,2021-12
2021-12-02,1334056.5712433918,2021-12
2021-12-03,1345737.8415453122,2021-12
2021-12-06,1326035.9564517122,2021-12
2021-12-07,1305939.295577072,2021-12
2021-12-08,1334278.5955770721,2021-12
2021-12-09,1344888.8457206122,2021-12
2021-12-10,1341907.8540807124,2021-12
2021-12-13,1347678.6540807122,2021-12
2021-12-14,1350824.6540807122,2021-12
2021-12-15,1340412.081062152,2021-12
2021-12-16,1339935.611619512,2021-12
2021-12-17,1312871.611619512,2021-12
2021-12-20,1289549.7320507523,2021-12
2021-12-21,1299415.2816103124,2021-12
2021-12-22,1308351.6417070322,2021-12
2021-12-23,1323139.1511633524,2021-12
2021-12-24,1322236.0511633523,2021-12
2021-12-27,1314811.1277506324,2021-12
2021-12-28,1321942.1069836323,2021-12
2021-12-29,1302250.3863481923,2021-12
2021-12-30,1321526.1061942726,2021-12
2021-12-31,1321807.5130808726,2021-12
2022-01-04,1326634.6130808725,2022-01
2022-01-05,1304024.7072865923,2022-01
2022-01-06,1285833.9195967326,2022-01
2022-01-07,1277390.3195967325,2022-01
2022-01-10,1277472.0195967325,2022-01
2022-01-11,1270042.3771143926,2022-01
2022-01-12,1275181.8326028725,2022-01
2022-01-13,1272409.0292947327,2022-01
2022-01-14,1274392.9263881727,2022-01
2022-01-17,1294461.2263881727,2022-01
2022-01-18,1295037.1263881726,2022-01
2022-01-19,1294200.3807677727,2022-01
2022-01-20,1293370.913641553,2022-01
2022-01-21,1292606.1279226725,2022-01
2022-01-24,1295946.3168211726,2022-01
2022-01-25,1260358.0168211728,2022-01
2022-01-26,1258873.7488870928,2022-01
2022-01-27,1257587.648431513,2022-01
2022-01-28,1258205.0484315131,2022-01
2022-02-07,1258450.048431513,2022-02
2022-02-08,1258469.648431513,2022-02
2022-02-09,1258254.048431513,2022-02
2022-02-10,1258175.648431513,2022-02
2022-02-11,1258332.448431513,2022-02
2022-02-14,1258352.0484315131,2022-02
2022-02-15,1258479.448431513,2022-02
2022-02-16,1258518.648431513,2022-02
2022-02-17,1258557.848431513,2022-02
2022-02-18,1258685.2484315129,2022-02
2022-02-21,1258695.048431513,2022-02
2022-02-22,1258734.2484315129,2022-02
2022-02-23,1257898.000106633,2022-02
2022-02-24,1270696.541354153,2022-02
2022-02-25,1265166.897588873,2022-02
2022-02-28,1270555.637796293,2022-02
2022-03-01,1279739.6377962932,2022-03
2022-03-02,1295613.0377962932,2022-03
2022-03-03,1304799.0377962932,2022-03
2022-03-04,1307090.041296293,2022-03
2022-03-07,1317389.9412962932,2022-03
2022-03-08,1302586.041296293,2022-03
2022-03-09,1301450.8579408533,2022-03
2022-03-10,1279128.598245793,2022-03
2022-03-11,1280166.2982457932,2022-03
2022-03-14,1277532.4741909334,2022-03
2022-03-15,1263140.0353254934,2022-03
2022-03-16,1257222.0353254932,2022-03
2022-03-17,1265259.0353254932,2022-03
2022-03-18,1266272.0353254932,2022-03
2022-03-21,1264771.4008686533,2022-03
2022-03-22,1279902.9065836533,2022-03
2022-03-23,1274464.8065836532,2022-03
2022-03-24,1282459.6065836533,2022-03
2022-03-25,1283378.3065836532,2022-03
2022-03-28,1290951.1065836533,2022-03
2022-03-29,1294292.7065836533,2022-03
2022-03-30,1281156.7065836533,2022-03
2022-03-31,1290955.7065836533,2022-03
2022-04-01,1289598.9065836535,2022-04
2022-04-06,1282728.1065836533,2022-04
2022-04-07,1285782.5065836534,2022-04
2022-04-08,1291872.2065836533,2022-04
2022-04-11,1287755.1065836535,2022-04
2022-04-12,1293146.6065836535,2022-04
2022-04-13,1312929.4065836533,2022-04
2022-04-14,1336434.6471836532,2022-04
2022-04-15,1325620.8743836533,2022-04
2022-04-18,1311762.2743836534,2022-04
2022-04-19,1310146.9793154134,2022-04
2022-04-20,1300281.8988547735,2022-04
2022-04-21,1308788.6988547735,2022-04
2022-04-22,1311148.8988547735,2022-04
2022-04-25,1306676.4988547736,2022-04
2022-04-26,1301069.8988547735,2022-04
2022-04-27,1301438.3988547735,2022-04
2022-04-28,1301227.9988547736,2022-04
2022-04-29,1310028.6988547735,2022-04
2022-05-05,1307814.4988547736,2022-05
2022-05-06,1306777.1988547735,2022-05
2022-05-09,1309641.6988547733,2022-05
2022-05-10,1304851.7988547734,2022-05
2022-05-11,1301513.5988547734,2022-05
2022-05-12,1307872.4988547736,2022-05
2022-05-13,1301333.7988547734,2022-05
2022-05-16,1295207.5988547734,2022-05
2022-05-17,1294423.4593360536,2022-05
2022-05-18,1293716.5374370534,2022-05
2022-05-19,1293777.1374370535,2022-05
2022-05-20,1293787.2374370536,2022-05
2022-05-23,1293868.0374370534,2022-05
2022-05-24,1293999.3374370537,2022-05
2022-05-25,1294019.5374370534,2022-05
2022-05-26,1294100.3374370537,2022-05
2022-05-27,1294201.3374370537,2022-05
2022-05-30,1294140.7374370536,2022-05
2022-05-31,1294181.1374370535,2022-05
2022-06-01,1294272.0374370534,2022-06
2022-06-02,1294231.6374370535,2022-06
2022-06-06,1294413.4374370538,2022-06
2022-06-07,1294534.6374370535,2022-06
2022-06-08,1294575.0374370534,2022-06
2022-06-09,1294645.7374370536,2022-06
2022-06-10,1294514.4374370538,2022-06
2022-06-13,1294857.8374370537,2022-06
2022-06-14,1294979.0374370534,2022-06
2022-06-15,1294948.7374370536,2022-06
2022-06-16,1294180.3427845938,2022-06
2022-06-17,1305440.0316276338,2022-06
2022-06-20,1313654.0316276336,2022-06
2022-06-21,1310951.0316276338,2022-06
2022-06-22,1303946.2316276338,2022-06
2022-06-23,1308777.6316276337,2022-06
2022-06-24,1317546.2316276338,2022-06
2022-06-27,1320584.9569827537,2022-06
2022-06-28,1339494.0960190338,2022-06
2022-06-29,1281682.9960190335,2022-06
2022-06-30,1280143.4512925935,2022-06
2022-07-01,1272670.1454171939,2022-07
2022-07-04,1271195.0523069338,2022-07
2022-07-05,1275617.9423654538,2022-07
2022-07-06,1262799.342365454,2022-07
2022-07-07,1287426.8053667338,2022-07
2022-07-08,1265867.4862540136,2022-07
2022-07-11,1235012.786254014,2022-07
2022-07-12,1220950.489291214,2022-07
2022-07-13,1233673.2498490538,2022-07
2022-07-14,1250513.986705934,2022-07
2022-07-15,1230407.887650194,2022-07
2022-07-18,1240118.557937974,2022-07
2022-07-19,1222198.5083151541,2022-07
2022-07-20,1233089.3278783339,2022-07
2022-07-21,1213425.066447214,2022-07
2022-07-22,1212814.6974160143,2022-07
2022-07-25,1191655.1100326541,2022-07
2022-07-26,1204483.210032654,2022-07
2022-07-27,1218553.310032654,2022-07
2022-07-28,1208378.9100326542,2022-07
2022-07-29,1198635.1100326541,2022-07
2022-08-01,1229321.6100326541,2022-08
2022-08-02,1203044.810032654,2022-08
2022-08-03,1167447.010032654,2022-08
2022-08-04,1171451.210032654,2022-08
2022-08-05,1176024.414807854,2022-08
2022-08-08,1187367.9096212941,2022-08
2022-08-09,1209856.609621294,2022-08
2022-08-10,1199090.609621294,2022-08
2022-08-11,1204608.541770314,2022-08
2022-08-12,1186966.5271565341,2022-08
2022-08-15,1186118.1080979342,2022-08
2022-08-16,1190292.9666660544,2022-08
2022-08-17,1189289.8546462343,2022-08
2022-08-18,1194640.9575046345,2022-08
2022-08-19,1176637.1575046345,2022-08
2022-08-22,1175220.3025316545,2022-08
2022-08-23,1169539.9255264746,2022-08
2022-08-24,1153724.2245220346,2022-08
2022-08-25,1152806.184072635,2022-08
2022-08-26,1152788.363677875,2022-08
2022-08-29,1135263.1636778747,2022-08
2022-08-30,1133830.2528128948,2022-08
2022-08-31,1105025.6188604948,2022-08
2022-09-01,1098020.5917568146,2022-09
2022-09-02,1105782.0525155347,2022-09
2022-09-05,1100763.8525155347,2022-09
2022-09-06,1102992.0525155347,2022-09
2022-09-07,1096795.3525155347,2022-09
2022-09-08,1111180.0525155347,2022-09
2022-09-09,1113397.0740248146,2022-09
2022-09-13,1125073.8402184546,2022-09
2022-09-14,1094855.3402184548,2022-09
2022-09-15,1093602.9423003746,2022-09
2022-09-16,1066587.5241528947,2022-09
2022-09-19,1065330.7885404148,2022-09
2022-09-20,1071225.709485455,2022-09
2022-09-21,1070598.5651241746,2022-09
2022-09-22,1085306.5028649748,2022-09
2022-09-23,1073363.2028649747,2022-09
2022-09-26,1057803.7028649747,2022-09
2022-09-27,1055790.6028649749,2022-09
2022-09-28,1049550.402864975,2022-09
2022-09-29,1060911.502864975,2022-09
2022-09-30,1061829.902864975,2022-09
2022-10-10,1070079.1028649749,2022-10
2022-10-11,1066184.102864975,2022-10
2022-10-12,1068750.7028649752,2022-10
2022-10-13,1046733.702864975,2022-10
2022-10-14,1045502.908848175,2022-10
2022-10-17,1044300.9271521751,2022-10
2022-10-18,1044357.627152175,2022-10
2022-10-19,1044381.9271521751,2022-10
2022-10-20,1044422.427152175,2022-10
2022-10-21,1044495.3271521751,2022-10
2022-10-24,1044543.9271521751,2022-10
2022-10-25,1044471.0271521751,2022-10
2022-10-26,1044495.3271521749,2022-10
2022-10-27,1044560.127152175,2022-10
2022-10-28,1044730.2271521752,2022-10
2022-10-31,1044738.3271521751,2022-10
2022-11-01,1044689.7271521749,2022-11
2022-11-02,1044811.227152175,2022-11
2022-11-03,1044851.727152175,2022-11
2022-11-04,1044900.327152175,2022-11
2022-11-07,1044892.2271521749,2022-11
2022-11-08,1044957.0271521751,2022-11
2022-11-09,1045005.6271521751,2022-11
2022-11-10,1045119.0271521751,2022-11
2022-11-11,1045086.627152175,2022-11
2022-11-14,1044421.720534195,2022-11
2022-11-15,1046459.2230953551,2022-11
2022-11-16,1049348.623095355,2022-11
2022-11-17,1049874.223095355,2022-11
2022-11-18,1049113.8230953552,2022-11
2022-11-21,1047007.423095355,2022-11
2022-11-22,1046505.8230953551,2022-11
2022-11-23,1046485.8230953551,2022-11
2022-11-24,1048526.8230953551,2022-11
2022-11-25,1050159.623095355,2022-11
2022-11-28,1050555.8230953552,2022-11
2022-11-29,1049080.4230953553,2022-11
2022-11-30,1048218.623095355,2022-11
2022-12-01,1048863.503860975,2022-12
2022-12-02,1049415.2563411351,2022-12
2022-12-05,1045428.5525439751,2022-12
2022-12-06,1035766.1005340151,2022-12
2022-12-07,1035031.900534015,2022-12
2022-12-08,1034961.2005340151,2022-12
2022-12-09,1037855.8005340152,2022-12
2022-12-12,1036069.300534015,2022-12
2022-12-13,1040456.300534015,2022-12
2022-12-14,1042661.5735668752,2022-12
2022-12-15,1035070.628422635,2022-12
2022-12-16,1032896.483346975,2022-12
2022-12-19,1017609.080956795,2022-12
2022-12-20,1013273.1757643952,2022-12
2022-12-21,1016837.7959211753,2022-12
2022-12-22,1018823.0099054951,2022-12
2022-12-23,1017734.1052543551,2022-12
2022-12-26,1016310.7608916152,2022-12
2022-12-27,1024459.4335034352,2022-12
2022-12-28,1024223.5216497153,2022-12
2022-12-29,1018612.9035047352,2022-12
2022-12-30,1022665.0590570553,2022-12
2023-01-03,1021483.0944371752,2023-01
2023-01-04,1032220.7897376954,2023-01
2023-01-05,1045197.4792311352,2023-01
2023-01-06,1039644.8146680952,2023-01
2023-01-09,1053851.3146680954,2023-01
2023-01-10,1053858.5146680952,2023-01
2023-01-11,1052785.7146680953,2023-01
2023-01-12,1044869.9146680953,2023-01
2023-01-13,1058582.9146680953,2023-01
2023-01-16,1063831.2146680953,2023-01
2023-01-17,1061389.0122680953,2023-01
2023-01-18,1059050.8122680953,2023-01
2023-01-19,1056763.6122680954,2023-01
2023-01-20,1061568.1282368952,2023-01
2023-01-30,1065372.5907240154,2023-01
2023-01-31,1048939.5907240154,2023-01
2023-02-01,1066753.4907240153,2023-02
2023-02-02,1068196.0907240151,2023-02
2023-02-03,1056944.2907240153,2023-02
2023-02-06,1036351.3907240153,2023-02
2023-02-07,1036383.3859816154,2023-02
2023-02-08,1029554.8818338553,2023-02
2023-02-09,1047734.5818338555,2023-02
2023-02-10,1045965.0267199352,2023-02
2023-02-13,1061078.8075036155,2023-02
2023-02-14,1058435.4075036154,2023-02
2023-02-15,1048980.0075036152,2023-02
2023-02-16,1046417.3942593354,2023-02
2023-02-17,1031104.1104855355,2023-02
2023-02-20,1046214.5104855354,2023-02
2023-02-21,1033951.9104855354,2023-02
2023-02-22,1030919.6446564152,2023-02
2023-02-23,1025115.2201738954,2023-02
2023-02-24,1015406.6201738954,2023-02
2023-02-27,1014371.0285857753,2023-02
2023-02-28,1023076.4284244354,2023-02
2023-03-01,1034448.2284244354,2023-03
2023-03-02,1032787.5103142953,2023-03
2023-03-03,1025985.3590319755,2023-03
2023-03-06,1025369.5590319755,2023-03
2023-03-07,1009867.7590319754,2023-03
2023-03-08,1009061.3512778556,2023-03
2023-03-09,1008474.4711612554,2023-03
2023-03-10,992568.6711612554,2023-03
2023-03-13,1001886.5758236555,2023-03
2023-03-14,995400.1942063556,2023-03
2023-03-15,997571.4942063554,2023-03
2023-03-16,995625.2942063555,2023-03
2023-03-17,1012585.0152677156,2023-03
2023-03-20,1017074.4242675556,2023-03
2023-03-21,1020934.8088053956,2023-03
2023-03-22,1027951.8374019957,2023-03
2023-03-23,1040244.4374019956,2023-03
2023-03-24,1047619.7892902556,2023-03
2023-03-27,1047045.0321309156,2023-03
2023-03-28,1037701.8321309156,2023-03
2023-03-29,1039776.4943040556,2023-03
2023-03-30,1038621.0597618956,2023-03
2023-03-31,1049827.7597618955,2023-03
2023-04-03,1067183.4597618957,2023-04
2023-04-04,1077404.6597618957,2023-04
2023-04-06,1081979.8597618956,2023-04
2023-04-07,1088475.4597618957,2023-04
2023-04-10,1067271.5597618956,2023-04
2023-04-11,1069112.1169710155,2023-04
2023-04-12,1079133.3878528955,2023-04
2023-04-13,1063397.2641300156,2023-04
2023-04-14,1070766.2436857754,2023-04
2023-04-17,1068076.5865991756,2023-04
2023-04-18,1071062.2412065356,2023-04
2023-04-19,1069794.8138985757,2023-04
2023-04-20,1100054.1420739759,2023-04
2023-04-21,1043222.0420739758,2023-04
2023-04-24,1041965.9107440957,2023-04
2023-04-25,1044412.2277312959,2023-04
2023-04-26,1044479.2277312957,2023-04
2023-04-27,1044207.7425156758,2023-04
2023-04-28,1057887.1131473759,2023-04
2023-05-04,1047175.8131473758,2023-05
2023-05-05,1042835.0688054559,2023-05
2023-05-08,1056603.933141736,2023-05
2023-05-09,1052798.395794896,2023-05
2023-05-10,1049218.433540996,2023-05
2023-05-11,1043765.457729676,2023-05
2023-05-12,1041222.470847236,2023-05
2023-05-15,1041308.226413276,2023-05
2023-05-16,1032666.9301999159,2023-05
2023-05-17,1034735.2828627761,2023-05
2023-05-18,1038539.3897515761,2023-05
2023-05-19,1043791.978666136,2023-05
2023-05-22,1048940.529820276,2023-05
2023-05-23,1044939.0405474361,2023-05
2023-05-24,1038384.2823400161,2023-05
2023-05-25,1043303.3868282161,2023-05
2023-05-26,1043980.7161387161,2023-05
2023-05-29,1062339.7567126362,2023-05
2023-05-30,1061308.2432335364,2023-05
2023-05-31,1060369.143233536,2023-05
2023-06-01,1056513.0432335362,2023-06
2023-06-02,1061374.5432335362,2023-06
2023-06-05,1063808.8432335362,2023-06
2023-06-06,1059838.1432335363,2023-06
2023-06-07,1061374.7432335361,2023-06
2023-06-08,1056110.643233536,2023-06
2023-06-09,1066445.7432335361,2023-06
2023-06-12,1067197.0432335362,2023-06
2023-06-13,1073876.6432335363,2023-06
2023-06-14,1071274.9928335361,2023-06
2023-06-15,1072465.1072335362,2023-06
2023-06-16,1075877.707233536,2023-06
2023-06-19,1077064.4072335362,2023-06
2023-06-20,1076681.007233536,2023-06
2023-06-21,1077353.4072335362,2023-06
2023-06-26,1076327.5054843363,2023-06
2023-06-27,1068645.266371696,2023-06
2023-06-28,1078953.8663716963,2023-06
2023-06-29,1080167.6663716962,2023-06
2023-06-30,1080373.0663716963,2023-06
2023-07-03,1079391.589499216,2023-07
2023-07-04,1074190.7602389762,2023-07
2023-07-05,1074402.9602389762,2023-07
2023-07-06,1074188.6602389761,2023-07
2023-07-07,1070143.7602389762,2023-07
2023-07-10,1064767.1602389761,2023-07
2023-07-11,1068130.4602389764,2023-07
2023-07-12,1070216.0602389763,2023-07
2023-07-13,1078564.060238976,2023-07
2023-07-14,1078790.4395513763,2023-07
2023-07-17,1081683.2706919364,2023-07
2023-07-18,1081530.7767816964,2023-07
2023-07-19,1086965.6834896961,2023-07
2023-07-20,1070253.5834896963,2023-07
2023-07-21,1068909.9225273365,2023-07
2023-07-24,1064356.3089925365,2023-07
2023-07-25,1077050.5089925365,2023-07
2023-07-26,1077726.7089925364,2023-07
2023-07-27,1086440.3089925365,2023-07
2023-07-28,1093713.7089925366,2023-07
2023-07-31,1104344.9693857962,2023-07
2023-08-01,1102813.9910313967,2023-08
2023-08-02,1089275.6910313964,2023-08
2023-08-03,1087114.2708653365,2023-08
2023-08-04,1089945.0598570562,2023-08
2023-08-07,1087831.2555213764,2023-08
2023-08-08,1084281.1445331164,2023-08
2023-08-09,1086595.2445331165,2023-08
2023-08-10,1083360.9445331164,2023-08
2023-08-11,1080601.0205176766,2023-08
2023-08-14,1075580.2864625365,2023-08
2023-08-15,1081712.1864625365,2023-08
2023-08-16,1070805.7864625365,2023-08
2023-08-17,1074853.4766544965,2023-08
2023-08-18,1059393.3699005365,2023-08
2023-08-21,1057573.2524708565,2023-08
2023-08-22,1054261.8519044165,2023-08
2023-08-23,1055198.1174044167,2023-08
2023-08-24,1060283.7996700166,2023-08
2023-08-25,1056230.4169288166,2023-08
2023-08-28,1065447.5602585366,2023-08
2023-08-29,1068740.9568922566,2023-08
2023-08-30,1070054.0999843767,2023-08
2023-08-31,1068147.8828601167,2023-08
2023-09-01,1064678.0828601166,2023-09
2023-09-04,1063545.0828601166,2023-09
2023-09-05,1064069.5828601166,2023-09
2023-09-06,1066522.2828601168,2023-09
2023-09-07,1063588.3900825167,2023-09
2023-09-08,1062021.753239801,2023-09
2023-09-11,1067626.4132398006,2023-09
2023-09-12,1063352.0932398008,2023-09
2023-09-13,1058431.8532398008,2023-09
2023-09-14,1057308.5742253931,2023-09
2023-09-15,1058269.7349138502,2023-09
2023-09-18,1053806.95991385,2023-09
2023-09-19,1050128.9849138502,2023-09
2023-09-20,1054706.00991385,2023-09
2023-09-21,1053382.2428089753,2023-09
2023-09-22,1051972.0074301353,2023-09
2023-09-25,1052312.2074301352,2023-09
2023-09-26,1053433.5885769152,2023-09
2023-09-27,1049980.3912290754,2023-09
2023-09-28,1048102.8912290751,2023-09
2023-10-09,1040842.2912290752,2023-10
2023-10-10,1027857.491229075,2023-10
2023-10-11,1024762.3912290751,2023-10
2023-10-12,1026331.6688244753,2023-10
2023-10-13,1026750.3897940151,2023-10
2023-10-16,1033189.0337300352,2023-10
2023-10-17,1034954.8337300352,2023-10
2023-10-18,1031551.9337300352,2023-10
2023-10-19,1024407.4337300352,2023-10
2023-10-20,1021999.9337300351,2023-10
2023-10-23,1015259.8337300352,2023-10
2023-10-24,1020269.2337300354,2023-10
2023-10-25,1026538.6337300353,2023-10
2023-10-26,1018911.7337300351,2023-10
2023-10-27,1017659.5337300352,2023-10
2023-10-30,1012899.1337300353,2023-10
2023-10-31,1017943.6337300353,2023-10
2023-11-01,1015209.7337300354,2023-11
2023-11-02,1014014.4682775153,2023-11
2023-11-03,1013375.6332213153,2023-11
2023-11-06,1029093.3332213153,2023-11
2023-11-07,1026240.6332213153,2023-11
2023-11-08,1030327.1332213152,2023-11
2023-11-09,1024519.1332213152,2023-11
2023-11-10,1024572.3332213153,2023-11
2023-11-13,1018177.8332213152,2023-11
2023-11-14,1018189.2332213153,2023-11
2023-11-15,1020520.0332213152,2023-11
2023-11-16,1011855.5332213151,2023-11
2023-11-17,1017130.2332213153,2023-11
2023-11-20,1020691.0332213152,2023-11
2023-11-21,1021269.9332213153,2023-11
2023-11-22,1013131.1332213153,2023-11
2023-11-23,1017229.0332213154,2023-11
2023-11-24,1017320.2332213153,2023-11
2023-11-27,1013210.9332213153,2023-11
2023-11-28,1023695.7332213153,2023-11
2023-11-29,1017868.7332213153,2023-11
2023-11-30,1020812.6332213152,2023-11
2023-12-01,1019178.5332213154,2023-12
2023-12-04,1001708.9332213153,2023-12
2023-12-05,997641.4332213153,2023-12
2023-12-06,999976.0332213154,2023-12
2023-12-07,993604.3332213152,2023-12
2023-12-08,994712.7332213153,2023-12
2023-12-11,1001206.0332213154,2023-12
2023-12-12,1000646.2184507754,2023-12
2023-12-13,1000660.8146877752,2023-12
2023-12-14,1000057.3248164353,2023-12
2023-12-15,999170.9151015154,2023-12
2023-12-18,1001770.1774626195,2023-12
2023-12-19,1002936.2990894995,2023-12
2023-12-20,1004931.8624918194,2023-12
2023-12-21,1000178.8607040521,2023-12
2023-12-22,1004865.1108662724,2023-12
2023-12-25,1008476.5538662723,2023-12
2023-12-26,1005981.7548662723,2023-12
2023-12-27,1009196.4868662723,2023-12
2023-12-28,1005059.2118662724,2023-12
2023-12-29,1006085.9475420725,2023-12
2024-01-02,1011427.2145900724,2024-01
2024-01-03,1003543.0505900723,2024-01
2024-01-04,1004042.3915900723,2024-01
2024-01-05,999706.6651900724,2024-01
2024-01-08,998925.6941900724,2024-01
2024-01-09,1018377.9491316436,2024-01
2024-01-10,1018291.0930620434,2024-01
2024-01-11,1032579.0930620437,2024-01
2024-01-12,1032861.6930620436,2024-01
2024-01-15,1050487.6930620435,2024-01
2024-01-16,1032932.0461995436,2024-01
2024-01-17,1028929.03606863,2024-01
2024-01-18,1031438.4800686302,2024-01
2024-01-19,1041557.2200686301,2024-01
2024-01-22,1054512.1028820737,2024-01
2024-01-23,1063606.769071674,2024-01
2024-01-24,1060366.2690716737,2024-01
2024-01-25,1065010.6335578337,2024-01
2024-01-26,1057813.6854170738,2024-01
2024-01-29,1062451.404349994,2024-01
2024-01-30,1073212.480001994,2024-01
2024-01-31,1059510.3719847938,2024-01
2024-02-01,1049186.565659707,2024-02
2024-02-02,1065798.059659707,2024-02
2024-02-05,1072784.9926597069,2024-02
2024-02-06,1074930.876992507,2024-02
2024-02-07,1067725.396610607,2024-02
2024-02-08,1089727.621610607,2024-02
2024-02-19,1097149.064610607,2024-02
2024-02-20,1100316.2256106068,2024-02
2024-02-21,1090389.2396106068,2024-02
2024-02-22,1112889.509610607,2024-02
2024-02-23,1131742.464410607,2024-02
2024-02-26,1129155.837052607,2024-02
2024-02-27,1128512.617052607,2024-02
2024-02-28,1138978.017052607,2024-02
2024-02-29,1135617.737052607,2024-02
2024-03-01,1144969.167234527,2024-03
2024-03-04,1162802.781885567,2024-03
2024-03-05,1145523.439912487,2024-03
2024-03-06,1145852.9184775588,2024-03
2024-03-07,1143227.3028865587,2024-03
2024-03-08,1150877.7308865585,2024-03
2024-03-11,1135397.2857188797,2024-03
2024-03-12,1134830.4705834398,2024-03
2024-03-13,1130707.2705834396,2024-03
2024-03-14,1134364.9705834398,2024-03
2024-03-15,1123124.6705834398,2024-03
2024-03-18,1127658.7705834396,2024-03
2024-03-19,1118048.0970858398,2024-03
2024-03-20,1122788.7138443796,2024-03
2024-03-21,1129891.6363541395,2024-03
2024-03-22,1125098.8923302996,2024-03
2024-03-25,1124371.9188593398,2024-03
2024-03-26,1132158.6754955596,2024-03
2024-03-27,1137472.4885835599,2024-03
2024-03-28,1138067.4300606397,2024-03
2024-03-29,1133543.0831422398,2024-03
2024-04-01,1135643.3213559398,2024-04
2024-04-02,1133511.9453006396,2024-04
2024-04-03,1110533.6075061196,2024-04
2024-04-08,1112071.1075061196,2024-04
2024-04-09,1110139.8075061196,2024-04
2024-04-10,1101315.6075061196,2024-04
2024-04-11,1098926.3369372198,2024-04
2024-04-12,1116645.5793112598,2024-04
2024-04-15,1113954.6793112596,2024-04
2024-04-16,1090032.5793112598,2024-04
2024-04-17,1093098.3691603597,2024-04
2024-04-18,1094425.5152996797,2024-04
2024-04-19,1094996.1152996798,2024-04
2024-04-22,1088947.51811632,2024-04
2024-04-23,1071487.1924423599,2024-04
2024-04-24,1083024.79244236,2024-04
2024-04-25,1085539.3924423598,2024-04
2024-04-26,1095810.5924423598,2024-04
2024-04-29,1101372.0924423598,2024-04
2024-04-30,1101327.0924423598,2024-04
2024-05-06,1116432.0924423598,2024-05
2024-05-07,1119747.3924423598,2024-05
2024-05-08,1111984.6709423598,2024-05
2024-05-09,1119486.9709423599,2024-05
2024-05-10,1123932.2230423598,2024-05
2024-05-13,1126745.18497952,2024-05
2024-05-14,1131229.87595886,2024-05
2024-05-15,1129168.67595886,2024-05
2024-05-16,1130951.7759588598,2024-05
2024-05-17,1140934.2759588598,2024-05
2024-05-20,1155684.1759588597,2024-05
2024-05-21,1143363.6861019398,2024-05
2024-05-22,1142586.09059262,2024-05
2024-05-23,1128526.8196393398,2024-05
2024-05-24,1129315.0635738599,2024-05
2024-05-27,1129704.0091104198,2024-05
2024-05-28,1128269.3027737201,2024-05
2024-05-29,1123850.70277372,2024-05
2024-05-30,1107418.30277372,2024-05
2024-05-31,1108451.40277372,2024-05
2024-06-03,1103753.0027737198,2024-06
2024-06-04,1111766.2027737198,2024-06
2024-06-05,1104470.00277372,2024-06
2024-06-06,1109839.2486305202,2024-06
2024-06-07,1112998.38722732,2024-06
2024-06-11,1099681.68722732,2024-06
2024-06-12,1097918.08722732,2024-06
2024-06-13,1094826.3872273199,2024-06
2024-06-14,1092801.18722732,2024-06
2024-06-17,1082703.9311142,2024-06
2024-06-18,1086042.01202224,2024-06
2024-06-19,1084959.37776496,2024-06
2024-06-20,1093620.9535113203,2024-06
2024-06-21,1082717.9456200202,2024-06
2024-06-24,1075349.0991995002,2024-06
2024-06-25,1061184.6999797602,2024-06
2024-06-26,1082083.0874880801,2024-06
2024-06-27,1079368.7764770002,2024-06
2024-06-28,1098360.12554904,2024-06
2024-07-01,1104280.3255490402,2024-07
2024-07-02,1101058.5255490402,2024-07
2024-07-03,1102240.7255490401,2024-07
2024-07-04,1097443.2255490401,2024-07
2024-07-05,1099387.32554904,2024-07
2024-07-08,1110516.3255490402,2024-07
2024-07-09,1129912.2255490401,2024-07
2024-07-10,1124040.8255490402,2024-07
2024-07-11,1136694.1255490403,2024-07
2024-07-12,1105952.2255490401,2024-07
2024-07-15,1110746.8357884802,2024-07
2024-07-16,1117204.5586847877,2024-07
2024-07-17,1108812.285684788,2024-07
2024-07-18,1106853.0362946065,2024-07
2024-07-19,1091882.4563893666,2024-07
2024-07-22,1079941.6563893664,2024-07
2024-07-23,1077482.4563893664,2024-07
2024-07-24,1066619.1563893666,2024-07
2024-07-25,1040236.6751893666,2024-07
2024-07-26,1043641.5666806665,2024-07
2024-07-29,1051246.7703745866,2024-07
2024-07-30,1045949.1547442265,2024-07
2024-07-31,1053450.9446302266,2024-07
2024-08-01,1062548.5565686265,2024-08
2024-08-02,1037050.6703251258,2024-08
2024-08-05,1034775.9482850546,2024-08
2024-08-06,1030135.3578297363,2024-08
2024-08-07,1030762.8778297363,2024-08
2024-08-08,1027477.4418297363,2024-08
2024-08-09,1026497.5218297364,2024-08
2024-08-12,1020919.3378297364,2024-08
2024-08-13,1023541.6238297365,2024-08
2024-08-14,1026850.1038297364,2024-08
2024-08-15,1025124.6038297364,2024-08
2024-08-16,1026051.7038297363,2024-08
2024-08-19,1028353.0508297363,2024-08
2024-08-20,1029257.6368297364,2024-08
2024-08-21,1027451.8348297364,2024-08
2024-08-22,1028525.5696769115,2024-08
2024-08-23,1027546.5259917113,2024-08
2024-08-26,1029470.2499917115,2024-08
2024-08-27,1027400.1059917114,2024-08
2024-08-28,1027652.1819917115,2024-08
2024-08-29,1027866.2819917115,2024-08
2024-08-30,1027182.8899917114,2024-08
2024-09-02,1027208.1979917113,2024-09
2024-09-03,1027846.7619917114,2024-09
2024-09-04,1026623.6499917114,2024-09
2024-09-05,1030264.5779917116,2024-09
2024-09-06,1031466.1579917113,2024-09
2024-09-09,1030065.2219917114,2024-09
2024-09-10,1032868.0219917113,2024-09
2024-09-11,1035810.6779917114,2024-09
2024-09-12,1035264.6499917116,2024-09
2024-09-13,1042738.6979917116,2024-09
2024-09-18,1046456.7179917115,2024-09
2024-09-19,1044114.0219917113,2024-09
2024-09-20,1050912.7939917115,2024-09
2024-09-23,1055161.1659917114,2024-09
2024-09-24,1051315.6459917114,2024-09
2024-09-25,1055294.9339917116,2024-09
2024-09-26,1053117.0499917115,2024-09
2024-09-27,1040967.1739917115,2024-09
2024-09-30,1039637.3619917114,2024-09
2024-10-08,1040250.9859917115,2024-10
2024-10-09,1038534.9579917116,2024-10
2024-10-10,1044457.9579917116,2024-10
2024-10-11,1047157.5939917115,2024-10
2024-10-14,1051105.8419917114,2024-10
2024-10-15,1050364.3059917113,2024-10
2024-10-16,1053552.4392640488,2024-10
2024-10-17,1053985.4793930487,2024-10
2024-10-18,1074741.0643930486,2024-10
2024-10-21,1070537.609117949,2024-10
2024-10-22,1076786.7607150169,2024-10
2024-10-23,1080923.0591996969,2024-10
2024-10-24,1064738.270431797,2024-10
2024-10-25,1087113.7704317968,2024-10
2024-10-28,1090173.670431797,2024-10
2024-10-29,1079760.7704317968,2024-10
2024-10-30,1075733.3836534969,2024-10
2024-10-31,1084639.020408517,2024-10
2024-11-01,1061226.180485937,2024-11
2024-11-04,1093961.7197915171,2024-11
2024-11-05,1125669.5185659172,2024-11
2024-11-06,1120580.2853512173,2024-11
2024-11-07,1133898.577244057,2024-11
2024-11-08,1132476.9392328372,2024-11
2024-11-11,1172981.7392328372,2024-11
2024-11-12,1161405.4303850771,2024-11
2024-11-13,1165573.3722478773,2024-11
2024-11-14,1138883.3564068514,2024-11
2024-11-15,1112682.4104810453,2024-11
2024-11-18,1110124.7544553853,2024-11
2024-11-19,1124949.7439001652,2024-11
2024-11-20,1128004.5827991653,2024-11
2024-11-21,1124356.0834507255,2024-11
2024-11-22,1097990.8617560854,2024-11
2024-11-25,1091871.4679999494,2024-11
2024-11-26,1077294.0679999492,2024-11
2024-11-27,1101159.5995118893,2024-11
2024-11-28,1089018.5155648892,2024-11
2024-11-29,1116423.5455162893,2024-11
2024-12-02,1130799.7251909294,2024-12
2024-12-03,1121902.8978909296,2024-12
2024-12-04,1109500.6448072293,2024-12
2024-12-05,1122523.8625757296,2024-12
2024-12-06,1132624.5495757295,2024-12
2024-12-09,1123913.4495757297,2024-12
2024-12-10,1142165.8495757296,2024-12
2024-12-11,1141979.9495757297,2024-12
2024-12-12,1146639.3064198496,2024-12
2024-12-13,1122063.3703940895,2024-12
2024-12-16,1111496.2168375696,2024-12
2024-12-17,1093190.4566469097,2024-12
2024-12-18,1098258.3592704097,2024-12
2024-12-19,1092488.8260697098,2024-12
2024-12-20,1092045.18381115,2024-12
2024-12-23,1078042.2157411498,2024-12
2024-12-24,1076327.71614707,2024-12
2024-12-25,1077901.1098923706,2024-12
2024-12-26,1085015.1038923708,2024-12
2024-12-27,1081944.444310006,2024-12
2024-12-30,1075713.300619286,2024-12
2024-12-31,1048384.6006192861,2024-12
2025-01-02,1045254.0628724459,2025-01
2025-01-03,1027119.0807063371,2025-01
2025-01-06,1026535.312613127,2025-01
2025-01-07,1020421.017707038,2025-01
2025-01-08,1018310.894707038,2025-01
2025-01-09,1015382.7198118191,2025-01
2025-01-10,1007939.4790495591,2025-01
2025-01-13,991678.0940495592,2025-01
2025-01-14,999302.2490495591,2025-01
2025-01-15,997272.0940495592,2025-01
2025-01-16,1013882.0790495591,2025-01
2025-01-17,1016467.6556716391,2025-01
2025-01-20,1029805.2288120394,2025-01
2025-01-21,1032791.8788120393,2025-01
2025-01-22,1052764.269612039,2025-01
2025-01-23,1048174.291347039,2025-01
2025-01-24,1048046.7033470393,2025-01
2025-01-27,1012557.1313470391,2025-01
2025-02-05,1010295.2953470392,2025-02
2025-02-06,1016111.6959657193,2025-02
2025-02-07,1013581.9902413592,2025-02
2025-02-10,1009172.9670368792,2025-02
2025-02-11,1017166.210790339,2025-02
2025-02-12,1015073.7879831393,2025-02
2025-02-13,1016846.2986306391,2025-02
2025-02-14,1018101.733630639,2025-02
2025-02-17,1009894.163843199,2025-02
2025-02-18,1041575.1982998394,2025-02
2025-02-19,1038888.3578998393,2025-02
2025-02-20,1028487.7728998391,2025-02
2025-02-21,1032084.4678998392,2025-02
2025-02-24,1037798.1903555583,2025-02
2025-02-25,1033433.0766253182,2025-02
2025-02-26,1038346.1766253182,2025-02
2025-02-27,1037101.3950253183,2025-02
2025-02-28,994487.6950253182,2025-02
2025-03-03,997489.394729603,2025-03
2025-03-04,996699.7532044561,2025-03
2025-03-05,994456.0732044561,2025-03
2025-03-06,994146.4901703091,2025-03
2025-03-07,982830.7976648691,2025-03
2025-03-10,980273.7976648692,2025-03
2025-03-11,974884.9976648693,2025-03
2025-03-12,970281.2976648691,2025-03
2025-03-13,951367.0976648692,2025-03
2025-03-14,963566.8587909893,2025-03
2025-03-17,964537.4653149893,2025-03
2025-03-18,977522.2653149894,2025-03
2025-03-19,976698.5063197893,2025-03
2025-03-20,962638.9834958293,2025-03
2025-03-21,932521.2834958294,2025-03
2025-03-24,934512.7374871494,2025-03
2025-03-25,920337.7726049493,2025-03
2025-03-26,924127.8666603093,2025-03
2025-03-27,924585.3561584494,2025-03
2025-03-28,913081.4561584494,2025-03
2025-03-31,899795.1561584494,2025-03
2025-04-01,902878.5848235696,2025-04
2025-04-02,900719.9387701895,2025-04
2025-04-03,892057.6268781895,2025-04
2025-04-07,817280.7624404297,2025-04
2025-04-08,801839.9332073897,2025-04
2025-04-09,806934.3856996257,2025-04
2025-04-10,812060.8044204197,2025-04
2025-04-11,811439.0562479256,2025-04
2025-04-14,821219.4646886297,2025-04
2025-04-15,817771.0646886297,2025-04
2025-04-16,815565.8646886298,2025-04
2025-04-17,818540.6528160098,2025-04
2025-04-18,816612.1531807058,2025-04
2025-04-21,820250.3531807058,2025-04
2025-04-22,835456.7395807058,2025-04
2025-04-23,825511.33861017,2025-04
2025-04-24,828911.0145222279,2025-04
2025-04-25,830183.3582122278,2025-04
2025-04-28,829044.2292864898,2025-04
2025-04-29,827405.2404781478,2025-04
2025-04-30,826396.2404781479,2025-04
2025-05-06,830819.7404781479,2025-05
2025-05-07,825727.4404781478,2025-05
2025-05-08,824724.3657848698,2025-05
2025-05-09,824407.8578217218,2025-05
2025-05-12,819554.6578217219,2025-05
2025-05-13,819005.5578217218,2025-05
2025-05-14,820020.5578217218,2025-05
2025-05-15,814329.1578217219,2025-05
2025-05-16,811795.9655466018,2025-05
2025-05-19,813777.9760919719,2025-05
2025-05-20,815691.0633724519,2025-05
2025-05-21,824597.8633724519,2025-05
2025-05-22,823359.5633724519,2025-05
2025-05-23,821025.3633724519,2025-05
2025-05-26,822158.2633724519,2025-05
2025-05-27,819388.1633724519,2025-05
2025-05-28,818902.2633724519,2025-05
2025-05-29,816927.1633724519,2025-05
2025-05-30,817601.0998172619,2025-05
2025-06-03,821388.889135442,2025-06
2025-06-04,827817.353972588,2025-06
2025-06-05,825021.319042108,2025-06
2025-06-06,828511.119042108,2025-06
2025-06-09,833310.229197192,2025-06
2025-06-10,838522.8252534322,2025-06
2025-06-11,837807.925253432,2025-06
2025-06-12,849813.1252534321,2025-06
2025-06-13,835077.3910534321,2025-06
2025-06-16,837817.3910534321,2025-06
2025-06-17,824735.5910534321,2025-06
2025-06-18,821823.7104690322,2025-06
2025-06-19,811840.7093672422,2025-06
2025-06-20,813697.1093672421,2025-06
2025-06-23,815306.7163047423,2025-06
2025-06-24,830489.9630679422,2025-06
2025-06-25,833274.9630679422,2025-06
2025-06-26,827737.5630679422,2025-06
2025-06-27,830212.8630679422,2025-06
2025-06-30,836536.7860761022,2025-06
2025-07-01,833692.840143142,2025-07
2025-07-02,832725.9010445022,2025-07
2025-07-03,848414.9397823021,2025-07
2025-07-04,850677.7242823022,2025-07
2025-07-07,848426.5242823022,2025-07
2025-07-08,858869.8242823022,2025-07
2025-07-09,858125.8242823022,2025-07
2025-07-10,861365.9242823021,2025-07
2025-07-11,870018.5242823021,2025-07
2025-07-14,869936.0336823021,2025-07
2025-07-15,886819.4336823022,2025-07
2025-07-16,888762.2748823022,2025-07
2025-07-17,911285.2748823022,2025-07
2025-07-18,909261.0926060523,2025-07
2025-07-21,909689.0810620523,2025-07
2025-07-22,910536.5810620523,2025-07
2025-07-23,906716.3810620523,2025-07
2025-07-24,913061.0680868523,2025-07
2025-07-25,909011.8103164523,2025-07
2025-07-28,928228.5103164522,2025-07
2025-07-29,950177.7103164523,2025-07
2025-07-30,936409.7103164522,2025-07
2025-07-31,938372.5795164523,2025-07
2025-08-01,926729.4795164523,2025-08
2025-08-04,924656.2393920922,2025-08
2025-08-05,934124.7346970923,2025-08
2025-08-06,935075.545170692,2025-08
2025-08-07,930997.5760414522,2025-08
2025-08-08,922874.0760414524,2025-08
2025-08-11,940140.6082484922,2025-08
2025-08-12,950340.7459104923,2025-08
2025-08-13,977940.1608274524,2025-08
2025-08-14,969242.9112092524,2025-08
2025-08-15,985052.1572092524,2025-08
2025-08-18,1008186.7572092524,2025-08
2025-08-19,1007343.8093083724,2025-08
2025-08-20,1014803.7082710125,2025-08
2025-08-21,1013057.1561325723,2025-08
2025-08-22,1057820.9066975724,2025-08
2025-08-25,1090018.6066975726,2025-08
2025-08-26,1077468.7242510724,2025-08
2025-08-27,1072884.1464578523,2025-08
2025-08-28,1120813.6784493525,2025-08
2025-08-29,1122794.4900907525,2025-08
2025-09-01,1149025.6948795526,2025-09
2025-09-02,1109427.8846131724,2025-09
2025-09-03,1103842.8407256524,2025-09
2025-09-04,1049241.1837276523,2025-09
2025-09-05,1047980.1305782126,2025-09
2025-09-08,1062450.0658717125,2025-09
2025-09-09,1048743.6722096093,2025-09
2025-09-10,1047477.3708756464,2025-09
2025-09-11,1096252.1904471465,2025-09
2025-09-12,1095417.1465017064,2025-09
2025-09-15,1095051.3926232464,2025-09
2025-09-16,1102247.0926232464,2025-09
2025-09-17,1111090.3926232466,2025-09
2025-09-18,1107300.2926232466,2025-09
2025-09-19,1102551.1926232465,2025-09
2025-09-22,1121035.0926232466,2025-09
2025-09-23,1118961.0912570865,2025-09
2025-09-24,1149988.6896004064,2025-09
2025-09-25,1164052.6143353665,2025-09
2025-09-26,1140602.8526077627,2025-09
2025-09-29,1173592.7606594027,2025-09
2025-09-30,1203566.6671422226,2025-09
2025-10-09,1228370.8396092625,2025-10
2025-10-10,1165415.7506657627,2025-10
2025-10-13,1164047.276420224,2025-10
2025-10-14,1138626.283743944,2025-10
2025-10-15,1157924.9783622841,2025-10
2025-10-16,1163376.6696845973,2025-10
2025-10-17,1138530.4986994972,2025-10
2025-10-20,1131472.7774949723,2025-10
2025-10-21,1159741.5811250322,2025-10
2025-10-22,1144707.3033690322,2025-10
2025-10-23,1141948.478246772,2025-10
2025-10-24,1183409.0616234676,2025-10
2025-10-27,1212034.9739578676,2025-10
2025-10-28,1208386.1793699076,2025-10
2025-10-29,1242778.0839995877,2025-10
2025-10-30,1230590.8963339876,2025-10
2025-10-31,1210068.2778323877,2025-10
2025-11-03,1209194.2726966876,2025-11
2025-11-04,1176188.8475836876,2025-11
2025-11-05,1204989.5459724877,2025-11
2025-11-06,1222431.4093780876,2025-11
2025-11-07,1235233.2845569677,2025-11
2025-11-10,1223792.899798834,2025-11
2025-11-11,1216098.616055694,2025-11
2025-11-12,1188197.767015874,2025-11
2025-11-13,1231029.812448074,2025-11
2025-11-14,1202444.2605509341,2025-11
2025-11-17,1201239.4241285343,2025-11
2025-11-18,1169627.764829654,2025-11
2025-11-19,1180701.3506303343,2025-11
2025-11-20,1170262.2976959343,2025-11
2025-11-21,1110539.5278847343,2025-11
2025-11-24,1110629.6674760839,2025-11
2025-11-25,1126411.884749064,2025-11
2025-11-26,1142092.0278490637,2025-11
2025-11-27,1147488.0479496366,2025-11
2025-11-28,1165871.6734843962,2025-11
2025-12-01,1178657.8572293962,2025-12
2025-12-02,1171648.7488513961,2025-12
2025-12-03,1185066.9397732762,2025-12
2025-12-04,1186763.8569456832,2025-12
2025-12-05,1196432.5191404433,2025-12
2025-12-08,1201755.7191404433,2025-12
2025-12-09,1186416.8077404434,2025-12
2025-12-10,1212006.8077404434,2025-12
2025-12-11,1222058.3927404433,2025-12
2025-12-12,1229702.4077604432,2025-12
2025-12-15,1220885.0929303633,2025-12
2025-12-16,1211534.4705788433,2025-12
2025-12-17,1246003.5383612432,2025-12
2025-12-18,1242776.0245343435,2025-12
2025-12-19,1252078.9572322234,2025-12
2025-12-22,1269396.3572322235,2025-12
2025-12-23,1271722.7572322234,2025-12
2025-12-24,1282023.5572322232,2025-12
2025-12-25,1280149.7912322232,2025-12
2025-12-26,1290779.7912322234,2025-12
2025-12-29,1282042.3912322232,2025-12
2025-12-30,1282922.5912322234,2025-12
2025-12-31,1278135.0972322233,2025-12
